timestamp,project_name,run_id,duration,emissions,emissions_rate,cpu_power,gpu_power,ram_power,cpu_energy,gpu_energy,ram_energy,energy_consumed,country_name,country_iso_code,region,cloud_provider,cloud_region,os,python_version,cpu_count,cpu_model,gpu_count,gpu_model,longitude,latitude,ram_total_size,tracking_mode,on_cloud
2022-12-19T06:32:45,"module:Softmax,rep_no:1,macs:0,batch_size:415,input_size:1673479,freeText:,forward_passes:13",6a72904a-79ed-458c-93cd-c1807cccd9d8,30.53226852416992,0.0010009627507306,0.0327837661305216,74.46537365228713,29.857000000000003,288.75,0.0006480975293109,0.0002515833632214,0.002425776751091,0.0033254576436235,Germany,DEU,,,,Linux-5.4.0-94-generic-x86_64-with-glibc2.31,3.10.8,2,Intel(R) Xeon(R) Gold 5120 CPU @ 2.20GHz,1,1 x NVIDIA GeForce RTX 2080 Ti,9.491,51.2993,770.0,machine,N
2022-12-19T06:33:24,"module:Softmax,rep_no:2,macs:0,batch_size:415,input_size:1673479,freeText:,forward_passes:24",b341212b-3d75-4ba8-98c4-78c22898e851,30.209243297576904,0.0013594240444204,0.0450002679984203,75.11482071391544,29.618,288.75,0.0006607747294526,0.0002489400280337,0.0036066441940764,0.0045163589515629,Germany,DEU,,,,Linux-5.4.0-94-generic-x86_64-with-glibc2.31,3.10.8,2,Intel(R) Xeon(R) Gold 5120 CPU @ 2.20GHz,1,1 x NVIDIA GeForce RTX 2080 Ti,9.491,51.2993,770.0,machine,N
2022-12-19T06:34:04,"module:Softmax,rep_no:3,macs:0,batch_size:415,input_size:1673479,freeText:,forward_passes:13",097e99a1-db51-43c9-a09d-d08c6f08e6a5,30.46302556991577,0.0009994729458987,0.0328093788190808,74.28844825375008,29.707,288.75,0.0006453950671489,0.0002532990082349,0.0024218140505254,0.0033205081259093,Germany,DEU,,,,Linux-5.4.0-94-generic-x86_64-with-glibc2.31,3.10.8,2,Intel(R) Xeon(R) Gold 5120 CPU @ 2.20GHz,1,1 x NVIDIA GeForce RTX 2080 Ti,9.491,51.2993,770.0,machine,N
2022-12-19T06:34:39,"module:Softmax,rep_no:1,macs:0,batch_size:150,input_size:528017,freeText:,forward_passes:229",2849da5b-f308-4e23-8540-51df62341795,30.123500108718872,0.0013591852308602,0.0451204284347702,73.4681015842042,30.113,288.75,0.000667492619827,0.0002527915830745,0.0035952813481291,0.0045155655510307,Germany,DEU,,,,Linux-5.4.0-94-generic-x86_64-with-glibc2.31,3.10.8,2,Intel(R) Xeon(R) Gold 5120 CPU @ 2.20GHz,1,1 x NVIDIA GeForce RTX 2080 Ti,9.491,51.2993,770.0,machine,N
2022-12-19T06:35:14,"module:Softmax,rep_no:2,macs:0,batch_size:150,input_size:528017,freeText:,forward_passes:230",b374b530-341c-4f3f-a35f-cd0f4965201c,30.173699855804443,0.0009972090525539,0.0330489484988403,74.11348617919109,29.354,288.75,0.0006677464747522,0.0002473839659435,0.0023978564448654,0.0033129868855612,Germany,DEU,,,,Linux-5.4.0-94-generic-x86_64-with-glibc2.31,3.10.8,2,Intel(R) Xeon(R) Gold 5120 CPU @ 2.20GHz,1,1 x NVIDIA GeForce RTX 2080 Ti,9.491,51.2993,770.0,machine,N
2022-12-19T06:35:49,"module:Softmax,rep_no:3,macs:0,batch_size:150,input_size:528017,freeText:,forward_passes:231",4eb5490f-cc5e-4479-9aea-7bb1143e9103,30.0623631477356,0.0013555796486893,0.0450922517976256,79.69267221910499,29.67,288.75,0.0006648963077499,0.0002467632273256,0.0035919273376464,0.0045035868727221,Germany,DEU,,,,Linux-5.4.0-94-generic-x86_64-with-glibc2.31,3.10.8,2,Intel(R) Xeon(R) Gold 5120 CPU @ 2.20GHz,1,1 x NVIDIA GeForce RTX 2080 Ti,9.491,51.2993,770.0,machine,N
2022-12-19T06:36:34,"module:Softmax,rep_no:1,macs:0,batch_size:352,input_size:3105482,freeText:,forward_passes:9",b3c5f024-f9cf-4d46-b2ae-ce203e02ed60,32.19414567947388,0.0010564905165276,0.0328162308466291,76.46078807064762,29.885,288.75,0.0006831163545482,0.0002664175121553,0.0025604014041523,0.0035099352708558,Germany,DEU,,,,Linux-5.4.0-94-generic-x86_64-with-glibc2.31,3.10.8,2,Intel(R) Xeon(R) Gold 5120 CPU @ 2.20GHz,1,1 x NVIDIA GeForce RTX 2080 Ti,9.491,51.2993,770.0,machine,N
2022-12-19T06:37:19,"module:Softmax,rep_no:2,macs:0,batch_size:352,input_size:3105482,freeText:,forward_passes:9",2291aa6a-e35d-49fb-8dd0-928104b61c36,32.876070499420166,0.0010785580265366,0.0328067804379394,76.28434309605984,30.151,288.75,0.0006985293660452,0.0002719929406579,0.0026127269508937,0.0035832492575969,Germany,DEU,,,,Linux-5.4.0-94-generic-x86_64-with-glibc2.31,3.10.8,2,Intel(R) Xeon(R) Gold 5120 CPU @ 2.20GHz,1,1 x NVIDIA GeForce RTX 2080 Ti,9.491,51.2993,770.0,machine,N
2022-12-19T06:38:05,"module:Softmax,rep_no:3,macs:0,batch_size:352,input_size:3105482,freeText:,forward_passes:9",f3a4c963-9c88-44b8-ba7a-510986db129a,32.70899963378906,0.0010733562364063,0.0328153183657001,76.44872821931267,29.924,288.75,0.0006949772957036,0.0002711292231682,0.0025998610439399,0.0035659675628118,Germany,DEU,,,,Linux-5.4.0-94-generic-x86_64-with-glibc2.31,3.10.8,2,Intel(R) Xeon(R) Gold 5120 CPU @ 2.20GHz,1,1 x NVIDIA GeForce RTX 2080 Ti,9.491,51.2993,770.0,machine,N
2022-12-19T06:38:41,"module:Softmax,rep_no:1,macs:0,batch_size:50,input_size:3883956,freeText:,forward_passes:86",8216a669-40d2-4796-8e48-bfa530e6a31a,30.28460717201233,0.0009984709841799,0.0329695867774926,77.39158518415971,29.424,288.75,0.0006625709403341,0.0002491126837771,0.0024054957253237,0.003317179349435,Germany,DEU,,,,Linux-5.4.0-94-generic-x86_64-with-glibc2.31,3.10.8,2,Intel(R) Xeon(R) Gold 5120 CPU @ 2.20GHz,1,1 x NVIDIA GeForce RTX 2080 Ti,9.491,51.2993,770.0,machine,N
2022-12-19T06:39:17,"module:Softmax,rep_no:2,macs:0,batch_size:50,input_size:3883956,freeText:,forward_passes:85",9122d5a6-0e6d-4d12-aa6d-919158c1e67d,30.06334543228149,0.0013526289148885,0.044992627914128,78.93890530114392,29.618,288.75,0.0006572623827539,0.0002449737402729,0.0035915476473669,0.0044937837703938,Germany,DEU,,,,Linux-5.4.0-94-generic-x86_64-with-glibc2.31,3.10.8,2,Intel(R) Xeon(R) Gold 5120 CPU @ 2.20GHz,1,1 x NVIDIA GeForce RTX 2080 Ti,9.491,51.2993,770.0,machine,N
2022-12-19T06:39:53,"module:Softmax,rep_no:3,macs:0,batch_size:50,input_size:3883956,freeText:,forward_passes:86",0603ac94-2a8f-4530-96ad-4219909c3534,30.30748748779297,0.0009987737186752,0.0329546855072549,77.76366613965314,29.87,288.75,0.0006621984567027,0.0002491709157025,0.0024068157394727,0.003318185111878,Germany,DEU,,,,Linux-5.4.0-94-generic-x86_64-with-glibc2.31,3.10.8,2,Intel(R) Xeon(R) Gold 5120 CPU @ 2.20GHz,1,1 x NVIDIA GeForce RTX 2080 Ti,9.491,51.2993,770.0,machine,N
2022-12-19T06:40:28,"module:Softmax,rep_no:1,macs:0,batch_size:91,input_size:2167276,freeText:,forward_passes:85",d7dd87c7-7b15-40aa-a6c7-9d6da0bb9263,30.05527973175049,0.001352625075657,0.045004574495047,78.9003521010975,29.466,288.75,0.0006572573474721,0.0002450933999807,0.003591420268019,0.0044937710154718,Germany,DEU,,,,Linux-5.4.0-94-generic-x86_64-with-glibc2.31,3.10.8,2,Intel(R) Xeon(R) Gold 5120 CPU @ 2.20GHz,1,1 x NVIDIA GeForce RTX 2080 Ti,9.491,51.2993,770.0,machine,N
2022-12-19T06:41:04,"module:Softmax,rep_no:2,macs:0,batch_size:91,input_size:2167276,freeText:,forward_passes:86",3296bd5b-7579-4692-b7eb-565e9eb72d2d,30.34808874130249,0.0010015858481052,0.0330032595015483,78.25038956643363,30.245,288.75,0.000663787131307,0.0002529591991341,0.0024107814041276,0.0033275277345688,Germany,DEU,,,,Linux-5.4.0-94-generic-x86_64-with-glibc2.31,3.10.8,2,Intel(R) Xeon(R) Gold 5120 CPU @ 2.20GHz,1,1 x NVIDIA GeForce RTX 2080 Ti,9.491,51.2993,770.0,machine,N
2022-12-19T06:41:40,"module:Softmax,rep_no:3,macs:0,batch_size:91,input_size:2167276,freeText:,forward_passes:84",2a687c0f-27bf-44f8-b370-19d2ce1378be,30.15829038619995,0.0013568374675385,0.0449905299724628,74.98852344080204,29.783,288.75,0.0006593059888332,0.0002496191339674,0.0035988405500849,0.0045077656728856,Germany,DEU,,,,Linux-5.4.0-94-generic-x86_64-with-glibc2.31,3.10.8,2,Intel(R) Xeon(R) Gold 5120 CPU @ 2.20GHz,1,1 x NVIDIA GeForce RTX 2080 Ti,9.491,51.2993,770.0,machine,N
2022-12-19T06:42:20,"module:Softmax,rep_no:1,macs:0,batch_size:196,input_size:3768759,freeText:,forward_passes:22",1ae1100b-1bae-4176-a4ba-d7e107a4394b,30.22154641151428,0.0009969324057997,0.0329874716609451,76.57090629936025,30.22,288.75,0.0006588971390617,0.0002525119020204,0.0024006587522725,0.0033120677933547,Germany,DEU,,,,Linux-5.4.0-94-generic-x86_64-with-glibc2.31,3.10.8,2,Intel(R) Xeon(R) Gold 5120 CPU @ 2.20GHz,1,1 x NVIDIA GeForce RTX 2080 Ti,9.491,51.2993,770.0,machine,N
2022-12-19T06:43:01,"module:Softmax,rep_no:2,macs:0,batch_size:196,input_size:3768759,freeText:,forward_passes:13",1b623697-756e-419f-9ab4-88912aeea5c2,32.319215297698975,0.0010581152050855,0.0327395079162374,76.10284527123491,29.781,288.75,0.0006832943399683,0.0002644046704749,0.0025676338968177,0.0035153329072611,Germany,DEU,,,,Linux-5.4.0-94-generic-x86_64-with-glibc2.31,3.10.8,2,Intel(R) Xeon(R) Gold 5120 CPU @ 2.20GHz,1,1 x NVIDIA GeForce RTX 2080 Ti,9.491,51.2993,770.0,machine,N
2022-12-19T06:43:41,"module:Softmax,rep_no:3,macs:0,batch_size:196,input_size:3768759,freeText:,forward_passes:22",a2d4a613-de97-406f-9445-ba156268bc49,30.085947275161743,0.0013537070705553,0.0449946633946592,76.03700420865789,29.604,288.75,0.0006562187683079,0.0002462615305572,0.003594885384043,0.0044973656829081,Germany,DEU,,,,Linux-5.4.0-94-generic-x86_64-with-glibc2.31,3.10.8,2,Intel(R) Xeon(R) Gold 5120 CPU @ 2.20GHz,1,1 x NVIDIA GeForce RTX 2080 Ti,9.491,51.2993,770.0,machine,N
2022-12-19T06:44:17,"module:Softmax,rep_no:1,macs:0,batch_size:206,input_size:848961,freeText:,forward_passes:101",c46be0ef-a89a-4c84-8a44-d3d09c5d4040,30.25319790840149,0.0009995555509022,0.0330396658868484,77.74293175619093,30.303,288.75,0.0006658657643588,0.0002519131630109,0.0024030036337673,0.0033207825611371,Germany,DEU,,,,Linux-5.4.0-94-generic-x86_64-with-glibc2.31,3.10.8,2,Intel(R) Xeon(R) Gold 5120 CPU @ 2.20GHz,1,1 x NVIDIA GeForce RTX 2080 Ti,9.491,51.2993,770.0,machine,N
2022-12-19T06:44:53,"module:Softmax,rep_no:2,macs:0,batch_size:206,input_size:848961,freeText:,forward_passes:101",b632c79f-61d1-4dd7-9e82-203d04766030,30.240614652633667,0.0009984639070863,0.0330173152416203,76.28404911100391,29.891,288.75,0.0006661152962251,0.0002509046925999,0.0024001358486711,0.0033171558374962,Germany,DEU,,,,Linux-5.4.0-94-generic-x86_64-with-glibc2.31,3.10.8,2,Intel(R) Xeon(R) Gold 5120 CPU @ 2.20GHz,1,1 x NVIDIA GeForce RTX 2080 Ti,9.491,51.2993,770.0,machine,N
2022-12-19T06:45:29,"module:Softmax,rep_no:3,macs:0,batch_size:206,input_size:848961,freeText:,forward_passes:102",5e692d08-d420-4238-8f43-6f2990ccafaa,30.223823308944706,0.0009976132700742,0.0330075139692546,76.49268284854415,29.574,288.75,0.0006676373916094,0.0002468818264056,0.002399810582896,0.0033143298009112,Germany,DEU,,,,Linux-5.4.0-94-generic-x86_64-with-glibc2.31,3.10.8,2,Intel(R) Xeon(R) Gold 5120 CPU @ 2.20GHz,1,1 x NVIDIA GeForce RTX 2080 Ti,9.491,51.2993,770.0,machine,N
2022-12-19T06:46:09,"module:Softmax,rep_no:1,macs:0,batch_size:138,input_size:4511707,freeText:,forward_passes:27",da5fe1ee-f254-444c-9ba9-e32b17abe20b,30.59803557395935,0.0010097828039179,0.0330015566351377,78.42239277357166,29.974,288.75,0.0006701575797367,0.0002530300069426,0.0024315725592275,0.0033547601459069,Germany,DEU,,,,Linux-5.4.0-94-generic-x86_64-with-glibc2.31,3.10.8,2,Intel(R) Xeon(R) Gold 5120 CPU @ 2.20GHz,1,1 x NVIDIA GeForce RTX 2080 Ti,9.491,51.2993,770.0,machine,N
2022-12-19T06:46:48,"module:Softmax,rep_no:2,macs:0,batch_size:138,input_size:4511707,freeText:,forward_passes:15",a75de519-133a-40fc-ac9c-69bc347f2fdd,31.68309164047241,0.0010385716279906,0.0327799963392464,76.21581869159539,30.144000000000005,288.75,0.0006717424396157,0.0002615481022495,0.002517113537838,0.0034504040797033,Germany,DEU,,,,Linux-5.4.0-94-generic-x86_64-with-glibc2.31,3.10.8,2,Intel(R) Xeon(R) Gold 5120 CPU @ 2.20GHz,1,1 x NVIDIA GeForce RTX 2080 Ti,9.491,51.2993,770.0,machine,N
2022-12-19T06:47:28,"module:Softmax,rep_no:3,macs:0,batch_size:138,input_size:4511707,freeText:,forward_passes:26",5cd1d079-6539-4933-a047-30b778ee94e1,30.12233161926269,0.0013555133524991,0.0450002798466064,77.79816809047006,29.843,288.75,0.0006568867463423,0.0002488402382991,0.0035976396349569,0.0045033666195983,Germany,DEU,,,,Linux-5.4.0-94-generic-x86_64-with-glibc2.31,3.10.8,2,Intel(R) Xeon(R) Gold 5120 CPU @ 2.20GHz,1,1 x NVIDIA GeForce RTX 2080 Ti,9.491,51.2993,770.0,machine,N
2022-12-19T06:48:07,"module:Softmax,rep_no:1,macs:0,batch_size:135,input_size:3770815,freeText:,forward_passes:18",4234b25d-6e27-4379-8aa8-4c3b68a72638,31.4779155254364,0.0010308716303219,0.0327490436744128,76.41147197549574,30.158,288.75,0.0006649148047091,0.0002588987631213,0.002501009124269,0.0034248226920996,Germany,DEU,,,,Linux-5.4.0-94-generic-x86_64-with-glibc2.31,3.10.8,2,Intel(R) Xeon(R) Gold 5120 CPU @ 2.20GHz,1,1 x NVIDIA GeForce RTX 2080 Ti,9.491,51.2993,770.0,machine,N
2022-12-19T06:48:46,"module:Softmax,rep_no:2,macs:0,batch_size:135,input_size:3770815,freeText:,forward_passes:33",b56c6b93-f23d-4365-8acd-df810ea779c9,30.467466831207275,0.0010052238588152,0.0329933520362662,78.88429008008119,29.567,288.75,0.0006672492087989,0.0002517226992468,0.0024206422408421,0.0033396141488879,Germany,DEU,,,,Linux-5.4.0-94-generic-x86_64-with-glibc2.31,3.10.8,2,Intel(R) Xeon(R) Gold 5120 CPU @ 2.20GHz,1,1 x NVIDIA GeForce RTX 2080 Ti,9.491,51.2993,770.0,machine,N
2022-12-19T06:49:24,"module:Softmax,rep_no:3,macs:0,batch_size:135,input_size:3770815,freeText:,forward_passes:18",77ca9c45-030c-4c79-aef6-bbbce759ec2a,31.216428995132446,0.0010233751552971,0.0327832230732333,76.36491504837406,29.772,288.75,0.0006631962272232,0.000259279773335,0.0024774414589007,0.003399917459459,Germany,DEU,,,,Linux-5.4.0-94-generic-x86_64-with-glibc2.31,3.10.8,2,Intel(R) Xeon(R) Gold 5120 CPU @ 2.20GHz,1,1 x NVIDIA GeForce RTX 2080 Ti,9.491,51.2993,770.0,machine,N
2022-12-19T06:50:00,"module:Softmax,rep_no:1,macs:0,batch_size:282,input_size:510294,freeText:,forward_passes:127",86f2df43-abbc-41bc-897f-c76d67a395b7,30.1116840839386,0.0013560328241013,0.0450334435072218,74.14508290157413,29.651,288.75,0.0006657503914887,0.0002479310923445,0.0035914109550416,0.0045050924388749,Germany,DEU,,,,Linux-5.4.0-94-generic-x86_64-with-glibc2.31,3.10.8,2,Intel(R) Xeon(R) Gold 5120 CPU @ 2.20GHz,1,1 x NVIDIA GeForce RTX 2080 Ti,9.491,51.2993,770.0,machine,N
2022-12-19T06:50:35,"module:Softmax,rep_no:2,macs:0,batch_size:282,input_size:510294,freeText:,forward_passes:127",2a421b3d-c98f-4903-bfa9-416f53db4418,30.25691294670105,0.0010003613013564,0.0330622394663546,77.23741701064209,29.759,288.75,0.0006680512436072,0.000251688203868,0.0024037200254698,0.003323459472945,Germany,DEU,,,,Linux-5.4.0-94-generic-x86_64-with-glibc2.31,3.10.8,2,Intel(R) Xeon(R) Gold 5120 CPU @ 2.20GHz,1,1 x NVIDIA GeForce RTX 2080 Ti,9.491,51.2993,770.0,machine,N
2022-12-19T06:51:11,"module:Softmax,rep_no:3,macs:0,batch_size:282,input_size:510294,freeText:,forward_passes:126",e2dbd6f5-7d96-4bf4-bc63-989639a66141,30.234740018844604,0.0009991899104541,0.0330477427565577,76.99311357030695,29.378,288.75,0.0006678189881436,0.0002494276732522,0.0024023211474219,0.0033195678088178,Germany,DEU,,,,Linux-5.4.0-94-generic-x86_64-with-glibc2.31,3.10.8,2,Intel(R) Xeon(R) Gold 5120 CPU @ 2.20GHz,1,1 x NVIDIA GeForce RTX 2080 Ti,9.491,51.2993,770.0,machine,N
2022-12-19T06:51:49,"module:Softmax,rep_no:1,macs:0,batch_size:130,input_size:3539667,freeText:,forward_passes:20",f5ea35e6-f8da-4b9f-9212-3e3396210cf2,31.226001262664795,0.001023623817618,0.0327811367522734,75.92336376517443,30.045,288.75,0.0006623630651678,0.0002582022645862,0.0024801782503724,0.0034007435801265,Germany,DEU,,,,Linux-5.4.0-94-generic-x86_64-with-glibc2.31,3.10.8,2,Intel(R) Xeon(R) Gold 5120 CPU @ 2.20GHz,1,1 x NVIDIA GeForce RTX 2080 Ti,9.491,51.2993,770.0,machine,N
2022-12-19T06:52:28,"module:Softmax,rep_no:2,macs:0,batch_size:130,input_size:3539667,freeText:,forward_passes:36",5da646f0-5595-47cb-93f7-a391d0bd6655,30.740254640579224,0.0010124027056388,0.0329341027742319,78.3779944540129,29.706,288.75,0.0006703924968691,0.0002528919405649,0.0024401797009011,0.0033634641383352,Germany,DEU,,,,Linux-5.4.0-94-generic-x86_64-with-glibc2.31,3.10.8,2,Intel(R) Xeon(R) Gold 5120 CPU @ 2.20GHz,1,1 x NVIDIA GeForce RTX 2080 Ti,9.491,51.2993,770.0,machine,N
2022-12-19T06:53:07,"module:Softmax,rep_no:3,macs:0,batch_size:130,input_size:3539667,freeText:,forward_passes:20",88dab54e-ceda-4192-8350-c567c21853b2,31.499364376068115,0.0010328210194164,0.0327886304969749,76.72902008116557,30.091000000000005,288.75,0.0006670173094467,0.0002619592939457,0.0025023224644362,0.0034312990678288,Germany,DEU,,,,Linux-5.4.0-94-generic-x86_64-with-glibc2.31,3.10.8,2,Intel(R) Xeon(R) Gold 5120 CPU @ 2.20GHz,1,1 x NVIDIA GeForce RTX 2080 Ti,9.491,51.2993,770.0,machine,N
2022-12-19T06:53:50,"module:Softmax,rep_no:1,macs:0,batch_size:438,input_size:2413180,freeText:,forward_passes:9",8d1be2f2-8114-4ed4-8366-ef8c69c76ac0,30.954651832580566,0.0010140855244454,0.032760359571484,75.19811544571539,29.816,288.75,0.0006558356882792,0.0002565063545635,0.002456712855647,0.0033690548984898,Germany,DEU,,,,Linux-5.4.0-94-generic-x86_64-with-glibc2.31,3.10.8,2,Intel(R) Xeon(R) Gold 5120 CPU @ 2.20GHz,1,1 x NVIDIA GeForce RTX 2080 Ti,9.491,51.2993,770.0,machine,N
2022-12-19T06:54:35,"module:Softmax,rep_no:2,macs:0,batch_size:438,input_size:2413180,freeText:,forward_passes:9",485e3304-c335-427d-aa45-2e99124a2d83,31.828019857406616,0.0010473328488267,0.032906000860844,76.19528805246412,29.347,288.75,0.0006876381195544,0.0002611036984528,0.002530769307663,0.0034795111256703,Germany,DEU,,,,Linux-5.4.0-94-generic-x86_64-with-glibc2.31,3.10.8,2,Intel(R) Xeon(R) Gold 5120 CPU @ 2.20GHz,1,1 x NVIDIA GeForce RTX 2080 Ti,9.491,51.2993,770.0,machine,N
2022-12-19T06:55:18,"module:Softmax,rep_no:3,macs:0,batch_size:438,input_size:2413180,freeText:,forward_passes:9",29f12b56-dd7c-4b61-a270-ea8ea9e261fb,31.21134686470032,0.0010230536649213,0.0327782607189685,75.49939157132846,29.939,288.75,0.0006619926668159,0.0002577710694997,0.0024790856488049,0.0033988493851206,Germany,DEU,,,,Linux-5.4.0-94-generic-x86_64-with-glibc2.31,3.10.8,2,Intel(R) Xeon(R) Gold 5120 CPU @ 2.20GHz,1,1 x NVIDIA GeForce RTX 2080 Ti,9.491,51.2993,770.0,machine,N
2022-12-19T06:55:53,"module:Softmax,rep_no:1,macs:0,batch_size:11,input_size:1753377,freeText:,forward_passes:837",5d3f95bc-50b4-49fc-a9ab-a91bd578a43a,30.045079231262207,0.0010001847116175,0.0332894682659673,78.68198122317281,29.789,288.75,0.0006786288545693,0.0002489830827182,0.0023952608587841,0.0033228727960716,Germany,DEU,,,,Linux-5.4.0-94-generic-x86_64-with-glibc2.31,3.10.8,2,Intel(R) Xeon(R) Gold 5120 CPU @ 2.20GHz,1,1 x NVIDIA GeForce RTX 2080 Ti,9.491,51.2993,770.0,machine,N
2022-12-19T06:56:28,"module:Softmax,rep_no:2,macs:0,batch_size:11,input_size:1753377,freeText:,forward_passes:834",a2b95bb1-9f07-4f4d-a036-2dbd4cb3991b,30.075814485549927,0.0013542299365502,0.0450272073995167,78.72252575114345,29.875000000000004,288.75,0.0006568421735288,0.0002490213621309,0.0035932392435769,0.0044991027792367,Germany,DEU,,,,Linux-5.4.0-94-generic-x86_64-with-glibc2.31,3.10.8,2,Intel(R) Xeon(R) Gold 5120 CPU @ 2.20GHz,1,1 x NVIDIA GeForce RTX 2080 Ti,9.491,51.2993,770.0,machine,N
2022-12-19T06:57:02,"module:Softmax,rep_no:3,macs:0,batch_size:11,input_size:1753377,freeText:,forward_passes:839",12aaa13f-f782-49ab-9a8c-b92d675ee2d9,30.06679630279541,0.0013528772402909,0.0449957230782559,78.92987321672442,29.054,288.75,0.0006586344169071,0.000245083855619,0.0035908904992043,0.0044946087717306,Germany,DEU,,,,Linux-5.4.0-94-generic-x86_64-with-glibc2.31,3.10.8,2,Intel(R) Xeon(R) Gold 5120 CPU @ 2.20GHz,1,1 x NVIDIA GeForce RTX 2080 Ti,9.491,51.2993,770.0,machine,N
2022-12-19T06:57:44,"module:Softmax,rep_no:1,macs:0,batch_size:235,input_size:3124746,freeText:,forward_passes:13",619b3d6d-0d15-4858-806a-ed02add18044,32.306538581848145,0.0010582536862696,0.0327566409997336,76.27133837132524,29.733000000000004,288.75,0.0006852463084743,0.0002660931254429,0.0025644535437226,0.00351579297764,Germany,DEU,,,,Linux-5.4.0-94-generic-x86_64-with-glibc2.31,3.10.8,2,Intel(R) Xeon(R) Gold 5120 CPU @ 2.20GHz,1,1 x NVIDIA GeForce RTX 2080 Ti,9.491,51.2993,770.0,machine,N
2022-12-19T06:58:25,"module:Softmax,rep_no:2,macs:0,batch_size:235,input_size:3124746,freeText:,forward_passes:23",d3419097-71cb-4bf8-9948-ae0fdc003064,30.99054265022278,0.0010213957595575,0.0329583050895762,78.43158205284048,29.937,288.75,0.0006762810568577,0.0002566409163716,0.0024604194206496,0.0033933413938789,Germany,DEU,,,,Linux-5.4.0-94-generic-x86_64-with-glibc2.31,3.10.8,2,Intel(R) Xeon(R) Gold 5120 CPU @ 2.20GHz,1,1 x NVIDIA GeForce RTX 2080 Ti,9.491,51.2993,770.0,machine,N
2022-12-19T06:59:06,"module:Softmax,rep_no:3,macs:0,batch_size:235,input_size:3124746,freeText:,forward_passes:13",d7505ee6-9c5c-4f85-b2b3-f7358d0a926b,32.08175444602966,0.0010509485190581,0.0327584490688043,76.01734015558645,29.609,288.75,0.0006788838625511,0.0002635618488876,0.0025490776076912,0.00349152331913,Germany,DEU,,,,Linux-5.4.0-94-generic-x86_64-with-glibc2.31,3.10.8,2,Intel(R) Xeon(R) Gold 5120 CPU @ 2.20GHz,1,1 x NVIDIA GeForce RTX 2080 Ti,9.491,51.2993,770.0,machine,N
2022-12-19T06:59:41,"module:Softmax,rep_no:1,macs:0,batch_size:288,input_size:321781,freeText:,forward_passes:198",19d1afad-35b5-44cb-9569-15705e250286,30.134565114974976,0.0013554021741166,0.0449783220346892,75.05492694489924,29.767000000000003,288.75,0.000662069723822,0.00024615193438,0.0035947755979994,0.0045029972562015,Germany,DEU,,,,Linux-5.4.0-94-generic-x86_64-with-glibc2.31,3.10.8,2,Intel(R) Xeon(R) Gold 5120 CPU @ 2.20GHz,1,1 x NVIDIA GeForce RTX 2080 Ti,9.491,51.2993,770.0,machine,N
2022-12-19T07:00:16,"module:Softmax,rep_no:2,macs:0,batch_size:288,input_size:321781,freeText:,forward_passes:200",6bd11c0a-4ff7-497f-a5b6-914eda8db2d5,30.164857864379883,0.0013559351309394,0.0449508211520721,74.44900535255442,29.3,288.75,0.0006635799850302,0.0002450025920907,0.0035961852997541,0.0045047678768751,Germany,DEU,,,,Linux-5.4.0-94-generic-x86_64-with-glibc2.31,3.10.8,2,Intel(R) Xeon(R) Gold 5120 CPU @ 2.20GHz,1,1 x NVIDIA GeForce RTX 2080 Ti,9.491,51.2993,770.0,machine,N
2022-12-19T07:00:51,"module:Softmax,rep_no:3,macs:0,batch_size:288,input_size:321781,freeText:,forward_passes:197",756be4a1-4324-487f-b534-340f2b742171,30.0343496799469,0.0009941450081724,0.0331002674859389,79.34923304198344,29.436,288.75,0.000660936065415,0.0002456947186785,0.0023961765520274,0.0033028073361211,Germany,DEU,,,,Linux-5.4.0-94-generic-x86_64-with-glibc2.31,3.10.8,2,Intel(R) Xeon(R) Gold 5120 CPU @ 2.20GHz,1,1 x NVIDIA GeForce RTX 2080 Ti,9.491,51.2993,770.0,machine,N
2022-12-19T07:01:29,"module:Softmax,rep_no:1,macs:0,batch_size:358,input_size:1068332,freeText:,forward_passes:24",1b0441b5-5d25-49d8-b56a-4664fe89c900,31.000925540924072,0.00101566500899,0.0327624092270807,77.16119729233833,29.415,288.75,0.0006582587802177,0.000254985460265,0.0024610581149657,0.0033743023554485,Germany,DEU,,,,Linux-5.4.0-94-generic-x86_64-with-glibc2.31,3.10.8,2,Intel(R) Xeon(R) Gold 5120 CPU @ 2.20GHz,1,1 x NVIDIA GeForce RTX 2080 Ti,9.491,51.2993,770.0,machine,N
2022-12-19T07:02:07,"module:Softmax,rep_no:2,macs:0,batch_size:358,input_size:1068332,freeText:,forward_passes:45",b65740b0-8222-4c8e-ae6c-c17d2d3660d0,30.15800142288208,0.0013595779973319,0.0450818334500235,74.76319066766672,29.833,288.75,0.0006655779844064,0.0002492796627849,0.0036020127758383,0.0045168704230297,Germany,DEU,,,,Linux-5.4.0-94-generic-x86_64-with-glibc2.31,3.10.8,2,Intel(R) Xeon(R) Gold 5120 CPU @ 2.20GHz,1,1 x NVIDIA GeForce RTX 2080 Ti,9.491,51.2993,770.0,machine,N
2022-12-19T07:02:44,"module:Softmax,rep_no:3,macs:0,batch_size:358,input_size:1068332,freeText:,forward_passes:46",ad5ee361-cd64-46a6-be19-ee64a5bab118,30.26498794555664,0.0009984849597694,0.0329914210296616,76.58372342452671,30.125,288.75,0.0006647476195754,0.000249345521806,0.0024031326385835,0.003317225779965,Germany,DEU,,,,Linux-5.4.0-94-generic-x86_64-with-glibc2.31,3.10.8,2,Intel(R) Xeon(R) Gold 5120 CPU @ 2.20GHz,1,1 x NVIDIA GeForce RTX 2080 Ti,9.491,51.2993,770.0,machine,N
2022-12-19T07:03:19,"module:Softmax,rep_no:1,macs:0,batch_size:67,input_size:1737900,freeText:,forward_passes:145",a4dc0e9a-6351-48a0-b55e-b8a43a034cc4,30.15816760063172,0.001356733536016,0.0449872669315498,74.32633934752218,29.320000000000004,288.75,0.0006609605134902,0.0002474285874936,0.0035990312844514,0.0045074203854353,Germany,DEU,,,,Linux-5.4.0-94-generic-x86_64-with-glibc2.31,3.10.8,2,Intel(R) Xeon(R) Gold 5120 CPU @ 2.20GHz,1,1 x NVIDIA GeForce RTX 2080 Ti,9.491,51.2993,770.0,machine,N
2022-12-19T07:03:54,"module:Softmax,rep_no:2,macs:0,batch_size:67,input_size:1737900,freeText:,forward_passes:144",14d8644e-5978-46ac-8339-6a3ba76b4760,30.13143467903137,0.0013563425940678,0.0450142055469981,74.91404148248158,30.145000000000003,288.75,0.0006602048995523,0.0002493024241381,0.0035966142512857,0.0045061215749763,Germany,DEU,,,,Linux-5.4.0-94-generic-x86_64-with-glibc2.31,3.10.8,2,Intel(R) Xeon(R) Gold 5120 CPU @ 2.20GHz,1,1 x NVIDIA GeForce RTX 2080 Ti,9.491,51.2993,770.0,machine,N
2022-12-19T07:04:29,"module:Softmax,rep_no:3,macs:0,batch_size:67,input_size:1737900,freeText:,forward_passes:143",da37365b-0add-4fd2-b7dd-236e8fe1b2c7,30.0902099609375,0.0013551639339561,0.045036705816123,79.0797994284313,29.623,288.75,0.0006607782391777,0.0002487286026941,0.0035926989187796,0.0045022057606515,Germany,DEU,,,,Linux-5.4.0-94-generic-x86_64-with-glibc2.31,3.10.8,2,Intel(R) Xeon(R) Gold 5120 CPU @ 2.20GHz,1,1 x NVIDIA GeForce RTX 2080 Ti,9.491,51.2993,770.0,machine,N
2022-12-19T07:05:11,"module:Softmax,rep_no:1,macs:0,batch_size:459,input_size:1809612,freeText:,forward_passes:20",7f1c42c6-deab-4263-a7e2-3a02dc978b3e,30.47896385192871,0.001007159157802,0.0330444027787495,78.66726792978082,29.634,288.75,0.0006704275580082,0.000253741102224,0.0024218750533958,0.0033460437136281,Germany,DEU,,,,Linux-5.4.0-94-generic-x86_64-with-glibc2.31,3.10.8,2,Intel(R) Xeon(R) Gold 5120 CPU @ 2.20GHz,1,1 x NVIDIA GeForce RTX 2080 Ti,9.491,51.2993,770.0,machine,N
2022-12-19T07:05:50,"module:Softmax,rep_no:2,macs:0,batch_size:459,input_size:1809612,freeText:,forward_passes:11",af0cd991-7bde-4738-9a70-546e19119425,30.195319652557373,0.0013496214738134,0.0446963797483479,0.0,29.794,288.75,0.000495448804692,0.0003741593756249,0.0036141840914885,0.0044837922718055,Germany,DEU,,,,Linux-5.4.0-94-generic-x86_64-with-glibc2.31,3.10.8,2,Intel(R) Xeon(R) Gold 5120 CPU @ 2.20GHz,1,1 x NVIDIA GeForce RTX 2080 Ti,9.491,51.2993,770.0,machine,N
2022-12-19T07:06:31,"module:Softmax,rep_no:3,macs:0,batch_size:459,input_size:1809612,freeText:,forward_passes:20",0a5d442d-e5a9-41a8-bfc3-9cff9df8caf1,30.3777928352356,0.0010009831127655,0.032951146852398,77.50275596915452,29.874,288.75,0.000663505268026,0.0002495792839819,0.002412440739572,0.0033255252915799,Germany,DEU,,,,Linux-5.4.0-94-generic-x86_64-with-glibc2.31,3.10.8,2,Intel(R) Xeon(R) Gold 5120 CPU @ 2.20GHz,1,1 x NVIDIA GeForce RTX 2080 Ti,9.491,51.2993,770.0,machine,N
2022-12-19T07:07:13,"module:Softmax,rep_no:1,macs:0,batch_size:329,input_size:2785382,freeText:,forward_passes:10",aaa386b0-5dba-4d49-8692-52dfa96338ae,30.40391039848328,0.0013981790041125,0.0459868150441034,0.0,29.779,288.75,0.0006431712039809,0.0003763066330572,0.0036256351334353,0.0046451129704735,Germany,DEU,,,,Linux-5.4.0-94-generic-x86_64-with-glibc2.31,3.10.8,2,Intel(R) Xeon(R) Gold 5120 CPU @ 2.20GHz,1,1 x NVIDIA GeForce RTX 2080 Ti,9.491,51.2993,770.0,machine,N
2022-12-19T07:07:56,"module:Softmax,rep_no:2,macs:0,batch_size:329,input_size:2785382,freeText:,forward_passes:10",ecac53fb-fe27-47e6-887a-395b2875949d,31.068214178085327,0.0010184366064039,0.0327806613076044,75.74156989701657,29.864,288.75,0.0006562277030372,0.000260120600959,0.0024671620162824,0.0033835103202788,Germany,DEU,,,,Linux-5.4.0-94-generic-x86_64-with-glibc2.31,3.10.8,2,Intel(R) Xeon(R) Gold 5120 CPU @ 2.20GHz,1,1 x NVIDIA GeForce RTX 2080 Ti,9.491,51.2993,770.0,machine,N
2022-12-19T07:08:38,"module:Softmax,rep_no:3,macs:0,batch_size:329,input_size:2785382,freeText:,forward_passes:10",f11a02be-88a7-41c9-a858-b984d400df55,30.8747341632843,0.00101210268099,0.0327809358823113,75.38651099714355,29.903,288.75,0.000653484025009,0.0002542945885868,0.0024546887651085,0.0033624673787044,Germany,DEU,,,,Linux-5.4.0-94-generic-x86_64-with-glibc2.31,3.10.8,2,Intel(R) Xeon(R) Gold 5120 CPU @ 2.20GHz,1,1 x NVIDIA GeForce RTX 2080 Ti,9.491,51.2993,770.0,machine,N
2022-12-19T07:09:13,"module:Softmax,rep_no:1,macs:0,batch_size:10,input_size:1845504,freeText:,forward_passes:928",eb4cce75-76cf-4b43-84f4-1347d571c21d,30.068357229232788,0.0013548045331704,0.0450574842796308,78.8846881592232,29.913000000000004,288.75,0.0006576990039365,0.0002510038704222,0.0035923088637491,0.0045010117381079,Germany,DEU,,,,Linux-5.4.0-94-generic-x86_64-with-glibc2.31,3.10.8,2,Intel(R) Xeon(R) Gold 5120 CPU @ 2.20GHz,1,1 x NVIDIA GeForce RTX 2080 Ti,9.491,51.2993,770.0,machine,N
2022-12-19T07:09:48,"module:Softmax,rep_no:2,macs:0,batch_size:10,input_size:1845504,freeText:,forward_passes:925",1464181a-d871-4bb2-8799-8716947be553,30.03859615325928,0.0009937785540595,0.0330833887505653,78.96864545617257,29.573,288.75,0.0006581548337456,0.0002469508605987,0.0023964841862519,0.0033015898805963,Germany,DEU,,,,Linux-5.4.0-94-generic-x86_64-with-glibc2.31,3.10.8,2,Intel(R) Xeon(R) Gold 5120 CPU @ 2.20GHz,1,1 x NVIDIA GeForce RTX 2080 Ti,9.491,51.2993,770.0,machine,N
2022-12-19T07:10:22,"module:Softmax,rep_no:3,macs:0,batch_size:10,input_size:1845504,freeText:,forward_passes:932",3e05cb72-46d3-4743-a591-e04b00c168c6,30.06563663482666,0.0013556648543595,0.0450901762309352,79.28146278571103,29.767000000000003,288.75,0.0006601037508603,0.0002501317735646,0.0035936344236135,0.0045038699480385,Germany,DEU,,,,Linux-5.4.0-94-generic-x86_64-with-glibc2.31,3.10.8,2,Intel(R) Xeon(R) Gold 5120 CPU @ 2.20GHz,1,1 x NVIDIA GeForce RTX 2080 Ti,9.491,51.2993,770.0,machine,N
2022-12-19T07:11:16,"module:Softmax,rep_no:1,macs:0,batch_size:384,input_size:4721854,freeText:,forward_passes:6",6efd4b28-6d79-47bf-a9c1-8138f10bd7a1,35.14364790916443,0.0011540232524096,0.0328373211395835,76.84601294167811,29.94,288.75,0.0007488107007147,0.0002890443453007,0.0027961092477043,0.0038339642937198,Germany,DEU,,,,Linux-5.4.0-94-generic-x86_64-with-glibc2.31,3.10.8,2,Intel(R) Xeon(R) Gold 5120 CPU @ 2.20GHz,1,1 x NVIDIA GeForce RTX 2080 Ti,9.491,51.2993,770.0,machine,N
2022-12-19T07:12:04,"module:Softmax,rep_no:2,macs:0,batch_size:384,input_size:4721854,freeText:,forward_passes:5",6f426f13-5876-44ec-af80-c1ba2ddbcf78,30.23463487625122,0.0013959526013777,0.0461706452580401,75.90068209152014,30.056000000000004,288.75,0.0006404635198704,0.0003787150370266,0.0036185377267499,0.004637716283647,Germany,DEU,,,,Linux-5.4.0-94-generic-x86_64-with-glibc2.31,3.10.8,2,Intel(R) Xeon(R) Gold 5120 CPU @ 2.20GHz,1,1 x NVIDIA GeForce RTX 2080 Ti,9.491,51.2993,770.0,machine,N
2022-12-19T07:12:54,"module:Softmax,rep_no:3,macs:0,batch_size:384,input_size:4721854,freeText:,forward_passes:5",be80b49b-96e9-44a1-a5dd-6033dc5397a6,30.76525616645813,0.001011195065958,0.0328680853650918,73.76317595011894,30.333,288.75,0.0006511279028463,0.0002588211769729,0.0024495029665529,0.0033594520463723,Germany,DEU,,,,Linux-5.4.0-94-generic-x86_64-with-glibc2.31,3.10.8,2,Intel(R) Xeon(R) Gold 5120 CPU @ 2.20GHz,1,1 x NVIDIA GeForce RTX 2080 Ti,9.491,51.2993,770.0,machine,N
2022-12-19T07:13:35,"module:Softmax,rep_no:1,macs:0,batch_size:278,input_size:2550963,freeText:,forward_passes:13",89b1d7bf-2a62-43dd-9441-235ba21205ef,31.665484189987183,0.0010380692662546,0.0327823588619837,75.66644842580595,29.719,288.75,0.0006692926796003,0.0002613933815636,0.0025180490426719,0.0034487351038359,Germany,DEU,,,,Linux-5.4.0-94-generic-x86_64-with-glibc2.31,3.10.8,2,Intel(R) Xeon(R) Gold 5120 CPU @ 2.20GHz,1,1 x NVIDIA GeForce RTX 2080 Ti,9.491,51.2993,770.0,machine,N
2022-12-19T07:14:15,"module:Softmax,rep_no:2,macs:0,batch_size:278,input_size:2550963,freeText:,forward_passes:23",9b84114e-1e13-4783-9c06-178f15612bd3,30.59038567543029,0.0010084912912325,0.0329675899458358,78.16753783026178,29.854,288.75,0.0006662183435298,0.0002547632525228,0.0024294878100355,0.0033504694060882,Germany,DEU,,,,Linux-5.4.0-94-generic-x86_64-with-glibc2.31,3.10.8,2,Intel(R) Xeon(R) Gold 5120 CPU @ 2.20GHz,1,1 x NVIDIA GeForce RTX 2080 Ti,9.491,51.2993,770.0,machine,N
2022-12-19T07:14:56,"module:Softmax,rep_no:3,macs:0,batch_size:278,input_size:2550963,freeText:,forward_passes:13",a3c8c514-9ed9-4a64-863d-d1768f729932,31.40974712371826,0.0010294963832746,0.0327763346587803,76.23029093373827,29.857000000000003,288.75,0.0006643252061819,0.000260401278728,0.002495527280122,0.003420253765032,Germany,DEU,,,,Linux-5.4.0-94-generic-x86_64-with-glibc2.31,3.10.8,2,Intel(R) Xeon(R) Gold 5120 CPU @ 2.20GHz,1,1 x NVIDIA GeForce RTX 2080 Ti,9.491,51.2993,770.0,machine,N
2022-12-19T07:15:30,"module:Softmax,rep_no:1,macs:0,batch_size:29,input_size:720336,freeText:,forward_passes:841",1ea8a804-c2f3-4419-885a-2d43e02ab989,30.03951597213745,0.0009955087038267,0.0331399715211835,79.28334637808537,30.05400000000001,288.75,0.000660857669519,0.0002504964454655,0.0023959837714831,0.0033073378864676,Germany,DEU,,,,Linux-5.4.0-94-generic-x86_64-with-glibc2.31,3.10.8,2,Intel(R) Xeon(R) Gold 5120 CPU @ 2.20GHz,1,1 x NVIDIA GeForce RTX 2080 Ti,9.491,51.2993,770.0,machine,N
2022-12-19T07:16:05,"module:Softmax,rep_no:2,macs:0,batch_size:29,input_size:720336,freeText:,forward_passes:835",143ce423-f1c7-47c8-b89b-2fe1fe27ec93,30.035605430603027,0.0009958162688313,0.0331545262549209,79.21211248980852,30.21,288.75,0.0006610405032764,0.0002508964885351,0.0023964227053026,0.0033083596971141,Germany,DEU,,,,Linux-5.4.0-94-generic-x86_64-with-glibc2.31,3.10.8,2,Intel(R) Xeon(R) Gold 5120 CPU @ 2.20GHz,1,1 x NVIDIA GeForce RTX 2080 Ti,9.491,51.2993,770.0,machine,N
2022-12-19T07:16:39,"module:Softmax,rep_no:3,macs:0,batch_size:29,input_size:720336,freeText:,forward_passes:833",ad29e6fb-cb4c-4628-8b97-38264f1ac694,30.07110834121704,0.0013568468811242,0.0451212793930995,78.97214433771985,30.324000000000005,288.75,0.0006604263888962,0.0002521916529824,0.0035951789053777,0.0045077969472565,Germany,DEU,,,,Linux-5.4.0-94-generic-x86_64-with-glibc2.31,3.10.8,2,Intel(R) Xeon(R) Gold 5120 CPU @ 2.20GHz,1,1 x NVIDIA GeForce RTX 2080 Ti,9.491,51.2993,770.0,machine,N
2022-12-19T07:17:23,"module:Softmax,rep_no:1,macs:0,batch_size:449,input_size:2125564,freeText:,forward_passes:10",b396b678-3842-463e-9542-fe98e9aa209e,31.717397689819336,0.0010400356207301,0.0327906983700613,76.17703823791473,29.658,288.75,0.0006717614624087,0.0002633125993415,0.002520193781207,0.0034552678429572,Germany,DEU,,,,Linux-5.4.0-94-generic-x86_64-with-glibc2.31,3.10.8,2,Intel(R) Xeon(R) Gold 5120 CPU @ 2.20GHz,1,1 x NVIDIA GeForce RTX 2080 Ti,9.491,51.2993,770.0,machine,N
2022-12-19T07:18:07,"module:Softmax,rep_no:2,macs:0,batch_size:449,input_size:2125564,freeText:,forward_passes:10",8c559ef6-60aa-4063-a1f3-bbf9f9dfc160,32.04532027244568,0.0010499728816768,0.0327652484902656,75.75236391362768,30.324000000000005,288.75,0.0006771690825681,0.0002664834505695,0.0025446294657886,0.0034882819989263,Germany,DEU,,,,Linux-5.4.0-94-generic-x86_64-with-glibc2.31,3.10.8,2,Intel(R) Xeon(R) Gold 5120 CPU @ 2.20GHz,1,1 x NVIDIA GeForce RTX 2080 Ti,9.491,51.2993,770.0,machine,N
2022-12-19T07:18:51,"module:Softmax,rep_no:3,macs:0,batch_size:449,input_size:2125564,freeText:,forward_passes:10",64ad7ea5-4fe7-41a7-871c-62b42be8bca2,32.3265585899353,0.0010599083209891,0.0327875396337154,75.76781493585602,29.409,288.75,0.0006828673151822,0.0002689300053675,0.002569492782404,0.0035212901029539,Germany,DEU,,,,Linux-5.4.0-94-generic-x86_64-with-glibc2.31,3.10.8,2,Intel(R) Xeon(R) Gold 5120 CPU @ 2.20GHz,1,1 x NVIDIA GeForce RTX 2080 Ti,9.491,51.2993,770.0,machine,N
2022-12-19T07:19:27,"module:Softmax,rep_no:1,macs:0,batch_size:54,input_size:4807694,freeText:,forward_passes:63",68de19b1-41cb-4607-afcb-b42606dce71d,30.06421899795532,0.0013092996949608,0.0435500983760773,40.37238011594863,29.986,288.75,0.0005123414751506,0.0002493932052652,0.0035880981932083,0.0043498328736242,Germany,DEU,,,,Linux-5.4.0-94-generic-x86_64-with-glibc2.31,3.10.8,2,Intel(R) Xeon(R) Gold 5120 CPU @ 2.20GHz,1,1 x NVIDIA GeForce RTX 2080 Ti,9.491,51.2993,770.0,machine,N
2022-12-19T07:20:03,"module:Softmax,rep_no:2,macs:0,batch_size:54,input_size:4807694,freeText:,forward_passes:65",77da093a-0151-4e95-84b4-50e07bda0e3d,30.19689679145813,0.000996970582031,0.033015663460926,75.56768516552106,30.193,288.75,0.0006598294320297,0.0002510782446826,0.0024012869479755,0.003312194624688,Germany,DEU,,,,Linux-5.4.0-94-generic-x86_64-with-glibc2.31,3.10.8,2,Intel(R) Xeon(R) Gold 5120 CPU @ 2.20GHz,1,1 x NVIDIA GeForce RTX 2080 Ti,9.491,51.2993,770.0,machine,N
2022-12-19T07:20:40,"module:Softmax,rep_no:3,macs:0,batch_size:54,input_size:4807694,freeText:,forward_passes:64",f4a631de-5655-4416-9a96-cf4826b45599,30.25716781616211,0.0009974762331688,0.0329666094073757,76.8256263000125,29.930000000000003,288.75,0.000660437121127,0.0002500319772568,0.0024034054304162,0.0033138745288001,Germany,DEU,,,,Linux-5.4.0-94-generic-x86_64-with-glibc2.31,3.10.8,2,Intel(R) Xeon(R) Gold 5120 CPU @ 2.20GHz,1,1 x NVIDIA GeForce RTX 2080 Ti,9.491,51.2993,770.0,machine,N
2022-12-19T07:21:15,"module:Softmax,rep_no:1,macs:0,batch_size:126,input_size:1425503,freeText:,forward_passes:94",a021ba83-e493-4d40-b494-0e774eb02324,30.247299671173096,0.0009969487859027,0.0329599268939977,76.84434491522805,29.405,288.75,0.0006619081842483,0.0002490893783097,0.0024011246497432,0.0033121222123013,Germany,DEU,,,,Linux-5.4.0-94-generic-x86_64-with-glibc2.31,3.10.8,2,Intel(R) Xeon(R) Gold 5120 CPU @ 2.20GHz,1,1 x NVIDIA GeForce RTX 2080 Ti,9.491,51.2993,770.0,machine,N
2022-12-19T07:21:51,"module:Softmax,rep_no:2,macs:0,batch_size:126,input_size:1425503,freeText:,forward_passes:94",816e3294-29aa-481d-b0bf-34b668d1af3c,30.34574747085572,0.0010012917296184,0.0329961135602303,77.82112247328115,30.233,288.75,0.0006638596783095,0.0002524671455559,0.0024102237728734,0.0033265505967389,Germany,DEU,,,,Linux-5.4.0-94-generic-x86_64-with-glibc2.31,3.10.8,2,Intel(R) Xeon(R) Gold 5120 CPU @ 2.20GHz,1,1 x NVIDIA GeForce RTX 2080 Ti,9.491,51.2993,770.0,machine,N
2022-12-19T07:22:27,"module:Softmax,rep_no:3,macs:0,batch_size:126,input_size:1425503,freeText:,forward_passes:94",221455a7-48d0-4183-8710-b576fe89ee9a,30.36238932609558,0.0010017644126783,0.0329935961863641,77.77737601326942,29.946,288.75,0.0006639924634157,0.0002518439481876,0.0024122845607499,0.0033281209723533,Germany,DEU,,,,Linux-5.4.0-94-generic-x86_64-with-glibc2.31,3.10.8,2,Intel(R) Xeon(R) Gold 5120 CPU @ 2.20GHz,1,1 x NVIDIA GeForce RTX 2080 Ti,9.491,51.2993,770.0,machine,N
2022-12-19T07:23:02,"module:Softmax,rep_no:1,macs:0,batch_size:279,input_size:528660,freeText:,forward_passes:123",79a917b6-6dec-42ea-b890-45d02d6367a3,30.09403157234192,0.0013562999376743,0.0450687351215818,74.12548760402612,30.051,288.75,0.0006629747209349,0.0002499398773527,0.0035930652610957,0.0045059798593833,Germany,DEU,,,,Linux-5.4.0-94-generic-x86_64-with-glibc2.31,3.10.8,2,Intel(R) Xeon(R) Gold 5120 CPU @ 2.20GHz,1,1 x NVIDIA GeForce RTX 2080 Ti,9.491,51.2993,770.0,machine,N
2022-12-19T07:23:38,"module:Softmax,rep_no:2,macs:0,batch_size:279,input_size:528660,freeText:,forward_passes:124",ff5401bf-c3a6-4344-b38d-8c0cd7eac6af,30.274411916732788,0.0009993662350469,0.0330102608696622,77.53687188320141,30.343000000000004,288.75,0.0006665012412561,0.0002506387666189,0.002403013596932,0.0033201536048071,Germany,DEU,,,,Linux-5.4.0-94-generic-x86_64-with-glibc2.31,3.10.8,2,Intel(R) Xeon(R) Gold 5120 CPU @ 2.20GHz,1,1 x NVIDIA GeForce RTX 2080 Ti,9.491,51.2993,770.0,machine,N
2022-12-19T07:24:13,"module:Softmax,rep_no:3,macs:0,batch_size:279,input_size:528660,freeText:,forward_passes:122",d8c23d63-5361-48d6-8b16-bf5ba07c405e,30.066177368164062,0.0013543854657571,0.0450468128745638,74.43314228668797,29.899,288.75,0.0006620092479403,0.0002493289804358,0.003588281259189,0.0044996194875652,Germany,DEU,,,,Linux-5.4.0-94-generic-x86_64-with-glibc2.31,3.10.8,2,Intel(R) Xeon(R) Gold 5120 CPU @ 2.20GHz,1,1 x NVIDIA GeForce RTX 2080 Ti,9.491,51.2993,770.0,machine,N
2022-12-19T07:24:53,"module:Softmax,rep_no:1,macs:0,batch_size:416,input_size:1189171,freeText:,forward_passes:19",ceb11e2a-03d3-4904-a126-d103183be3ca,31.62987732887268,0.0010370457550526,0.0327869041118932,76.16457291153664,30.136,288.75,0.0006683237479919,0.0002630629238434,0.0025139480625589,0.0034453347343943,Germany,DEU,,,,Linux-5.4.0-94-generic-x86_64-with-glibc2.31,3.10.8,2,Intel(R) Xeon(R) Gold 5120 CPU @ 2.20GHz,1,1 x NVIDIA GeForce RTX 2080 Ti,9.491,51.2993,770.0,machine,N
2022-12-19T07:25:31,"module:Softmax,rep_no:2,macs:0,batch_size:416,input_size:1189171,freeText:,forward_passes:34",12dbb21d-ff87-4026-b6dd-95781aa18f2c,30.27258849143982,0.0009984528774517,0.032982078084737,80.32000974328831,29.559,288.75,0.0006622441481282,0.0002489195426794,0.0024059555033842,0.0033171191941919,Germany,DEU,,,,Linux-5.4.0-94-generic-x86_64-with-glibc2.31,3.10.8,2,Intel(R) Xeon(R) Gold 5120 CPU @ 2.20GHz,1,1 x NVIDIA GeForce RTX 2080 Ti,9.491,51.2993,770.0,machine,N
2022-12-19T07:26:09,"module:Softmax,rep_no:3,macs:0,batch_size:416,input_size:1189171,freeText:,forward_passes:18",8fb7256e-4bfc-476a-bd15-431a821ee101,30.240705966949463,0.0013528560436958,0.0447362586433793,75.0127888465309,30.1,288.75,0.0006384429546428,0.0002506435503833,0.0036054518461227,0.0044945383511489,Germany,DEU,,,,Linux-5.4.0-94-generic-x86_64-with-glibc2.31,3.10.8,2,Intel(R) Xeon(R) Gold 5120 CPU @ 2.20GHz,1,1 x NVIDIA GeForce RTX 2080 Ti,9.491,51.2993,770.0,machine,N
2022-12-19T07:26:48,"module:Softmax,rep_no:1,macs:0,batch_size:358,input_size:1594546,freeText:,forward_passes:29",9af81dd3-694a-43b0-8b67-47f0fa7f5a82,30.214322328567505,0.0009953435117679,0.0329427713434726,76.38685969361953,29.571000000000005,288.75,0.0006593285380179,0.0002473665877886,0.0024000939498345,0.0033067890756411,Germany,DEU,,,,Linux-5.4.0-94-generic-x86_64-with-glibc2.31,3.10.8,2,Intel(R) Xeon(R) Gold 5120 CPU @ 2.20GHz,1,1 x NVIDIA GeForce RTX 2080 Ti,9.491,51.2993,770.0,machine,N
2022-12-19T07:27:26,"module:Softmax,rep_no:2,macs:0,batch_size:358,input_size:1594546,freeText:,forward_passes:16",181d1578-d5a0-4116-ae4c-0838e25b894b,30.81397008895874,0.0010069052292386,0.0326769068163494,75.39418478534566,29.618,288.75,0.0006516080618415,0.0002536325184239,0.0024399595168729,0.0033452000971384,Germany,DEU,,,,Linux-5.4.0-94-generic-x86_64-with-glibc2.31,3.10.8,2,Intel(R) Xeon(R) Gold 5120 CPU @ 2.20GHz,1,1 x NVIDIA GeForce RTX 2080 Ti,9.491,51.2993,770.0,machine,N
2022-12-19T07:28:06,"module:Softmax,rep_no:3,macs:0,batch_size:358,input_size:1594546,freeText:,forward_passes:30",9116ea0e-f289-4ff3-aed2-fed2510acda2,30.95060396194458,0.0010203662327182,0.0329675709712434,78.78161037663662,29.709,288.75,0.0006779079967704,0.0002532194531846,0.002458793588976,0.003389921038931,Germany,DEU,,,,Linux-5.4.0-94-generic-x86_64-with-glibc2.31,3.10.8,2,Intel(R) Xeon(R) Gold 5120 CPU @ 2.20GHz,1,1 x NVIDIA GeForce RTX 2080 Ti,9.491,51.2993,770.0,machine,N
2022-12-19T07:28:43,"module:Softmax,rep_no:1,macs:0,batch_size:267,input_size:1588362,freeText:,forward_passes:39",9cdeccea-2687-4f29-8556-7a520d3ca34d,30.19196128845215,0.0009965910149209,0.0330084887629377,77.37121984639754,29.865,288.75,0.0006611300211258,0.0002495128561439,0.0024002907271186,0.0033109336043884,Germany,DEU,,,,Linux-5.4.0-94-generic-x86_64-with-glibc2.31,3.10.8,2,Intel(R) Xeon(R) Gold 5120 CPU @ 2.20GHz,1,1 x NVIDIA GeForce RTX 2080 Ti,9.491,51.2993,770.0,machine,N
2022-12-19T07:29:20,"module:Softmax,rep_no:2,macs:0,batch_size:267,input_size:1588362,freeText:,forward_passes:21",5d35aebe-d0f0-4230-ae9b-52e8d27fc3b1,30.3010802268982,0.0013549521058828,0.0447162971001948,71.71735651885018,29.816,288.75,0.0006386344859071,0.0002499697164042,0.0036128978105882,0.0045015020128997,Germany,DEU,,,,Linux-5.4.0-94-generic-x86_64-with-glibc2.31,3.10.8,2,Intel(R) Xeon(R) Gold 5120 CPU @ 2.20GHz,1,1 x NVIDIA GeForce RTX 2080 Ti,9.491,51.2993,770.0,machine,N
2022-12-19T07:29:58,"module:Softmax,rep_no:3,macs:0,batch_size:267,input_size:1588362,freeText:,forward_passes:39",2dd9d0c2-798a-4993-bb51-edfa77991dfa,30.246217727661133,0.0009978535667996,0.032991019762683,77.00474819433958,29.881,288.75,0.0006600136563438,0.0002518372437861,0.0024032772287726,0.0033151281289025,Germany,DEU,,,,Linux-5.4.0-94-generic-x86_64-with-glibc2.31,3.10.8,2,Intel(R) Xeon(R) Gold 5120 CPU @ 2.20GHz,1,1 x NVIDIA GeForce RTX 2080 Ti,9.491,51.2993,770.0,machine,N
2022-12-19T07:30:34,"module:Softmax,rep_no:1,macs:0,batch_size:51,input_size:2774631,freeText:,forward_passes:117",98c34fea-fe04-47ce-b7a5-156c49ec0c10,30.25562787055969,0.0009986469563103,0.0330069817285817,77.41159282589116,30.064,288.75,0.0006614659513945,0.0002516581928664,0.0024046398301919,0.0033177639744529,Germany,DEU,,,,Linux-5.4.0-94-generic-x86_64-with-glibc2.31,3.10.8,2,Intel(R) Xeon(R) Gold 5120 CPU @ 2.20GHz,1,1 x NVIDIA GeForce RTX 2080 Ti,9.491,51.2993,770.0,machine,N
2022-12-19T07:31:09,"module:Softmax,rep_no:2,macs:0,batch_size:51,input_size:2774631,freeText:,forward_passes:116",078d5552-e2a0-4a07-998d-f8e9c46e29fb,30.04293775558472,0.0009931446115757,0.0330575065479793,78.71599030736667,29.378,288.75,0.0006561708560473,0.0002460719181556,0.0023972409851849,0.0032994837593879,Germany,DEU,,,,Linux-5.4.0-94-generic-x86_64-with-glibc2.31,3.10.8,2,Intel(R) Xeon(R) Gold 5120 CPU @ 2.20GHz,1,1 x NVIDIA GeForce RTX 2080 Ti,9.491,51.2993,770.0,machine,N
2022-12-19T07:31:45,"module:Softmax,rep_no:3,macs:0,batch_size:51,input_size:2774631,freeText:,forward_passes:117",03ec5df3-185d-4266-8588-301c27a29043,30.25251054763794,0.0009967532329853,0.0329477856528897,77.83030195736136,29.754,288.75,0.000660278989056,0.0002501611652676,0.0024010323805113,0.003311472534835,Germany,DEU,,,,Linux-5.4.0-94-generic-x86_64-with-glibc2.31,3.10.8,2,Intel(R) Xeon(R) Gold 5120 CPU @ 2.20GHz,1,1 x NVIDIA GeForce RTX 2080 Ti,9.491,51.2993,770.0,machine,N
2022-12-19T07:32:20,"module:Softmax,rep_no:1,macs:0,batch_size:406,input_size:403798,freeText:,forward_passes:113",f403fb9c-1764-402b-97ed-f65efa2aabe4,30.144323587417603,0.0013579688830878,0.0450489087655176,74.47387117769463,30.216000000000005,288.75,0.0006650460978697,0.0002510433323508,0.0035954350983103,0.0045115245285309,Germany,DEU,,,,Linux-5.4.0-94-generic-x86_64-with-glibc2.31,3.10.8,2,Intel(R) Xeon(R) Gold 5120 CPU @ 2.20GHz,1,1 x NVIDIA GeForce RTX 2080 Ti,9.491,51.2993,770.0,machine,N
2022-12-19T07:32:56,"module:Softmax,rep_no:2,macs:0,batch_size:406,input_size:403798,freeText:,forward_passes:111",0dc9818a-819b-496e-b91e-c9391473efb6,30.20388913154602,0.0009969968366445,0.0330088894281919,75.59349743607694,29.449,288.75,0.0006643233581249,0.0002485540267788,0.0023994044644137,0.0033122818493175,Germany,DEU,,,,Linux-5.4.0-94-generic-x86_64-with-glibc2.31,3.10.8,2,Intel(R) Xeon(R) Gold 5120 CPU @ 2.20GHz,1,1 x NVIDIA GeForce RTX 2080 Ti,9.491,51.2993,770.0,machine,N
2022-12-19T07:33:31,"module:Softmax,rep_no:3,macs:0,batch_size:406,input_size:403798,freeText:,forward_passes:113",2567d486-01c3-49ee-9b8a-609bcec81243,30.171167850494385,0.0012429817907771,0.041197669143483,35.30370611891663,29.526,288.75,0.0002895557816444,0.00024763665452,0.0035923151743908,0.0041295076105553,Germany,DEU,,,,Linux-5.4.0-94-generic-x86_64-with-glibc2.31,3.10.8,2,Intel(R) Xeon(R) Gold 5120 CPU @ 2.20GHz,1,1 x NVIDIA GeForce RTX 2080 Ti,9.491,51.2993,770.0,machine,N
2022-12-19T07:34:08,"module:Softmax,rep_no:1,macs:0,batch_size:60,input_size:4053735,freeText:,forward_passes:69",70d9a15c-1dcc-43d2-b4a6-c331d87cc790,30.369171619415283,0.0010016641959658,0.0329829278361175,80.17228851398676,30.089,288.75,0.0006626549651235,0.000254494124732,0.002410638936609,0.0033277880264645,Germany,DEU,,,,Linux-5.4.0-94-generic-x86_64-with-glibc2.31,3.10.8,2,Intel(R) Xeon(R) Gold 5120 CPU @ 2.20GHz,1,1 x NVIDIA GeForce RTX 2080 Ti,9.491,51.2993,770.0,machine,N
2022-12-19T07:34:44,"module:Softmax,rep_no:2,macs:0,batch_size:60,input_size:4053735,freeText:,forward_passes:68",e866130e-23e6-4e43-ae80-8aa31eee0d5f,30.22251963615417,0.0009963433356211,0.0329669182985425,75.9473896686182,30.227,288.75,0.0006594765650808,0.0002511200296497,0.0023995141548415,0.003310110749572,Germany,DEU,,,,Linux-5.4.0-94-generic-x86_64-with-glibc2.31,3.10.8,2,Intel(R) Xeon(R) Gold 5120 CPU @ 2.20GHz,1,1 x NVIDIA GeForce RTX 2080 Ti,9.491,51.2993,770.0,machine,N
2022-12-19T07:35:20,"module:Softmax,rep_no:3,macs:0,batch_size:60,input_size:4053735,freeText:,forward_passes:68",2a3c5c08-590c-4bc1-ac4d-143c37e4aba1,30.191744804382324,0.0013586217119033,0.0449997746306511,74.27532785831688,29.755,288.75,0.0006590983847782,0.0002502555390383,0.003604339471211,0.0045136933950277,Germany,DEU,,,,Linux-5.4.0-94-generic-x86_64-with-glibc2.31,3.10.8,2,Intel(R) Xeon(R) Gold 5120 CPU @ 2.20GHz,1,1 x NVIDIA GeForce RTX 2080 Ti,9.491,51.2993,770.0,machine,N
2022-12-19T07:35:58,"module:Softmax,rep_no:1,macs:0,batch_size:428,input_size:1116343,freeText:,forward_passes:19",1d95f4fd-2b90-4ac5-b5b2-72c8bff446c7,30.96938371658325,0.0010152715252929,0.0327830716485737,75.72915531894131,30.099,288.75,0.0006553961857054,0.0002567173449539,0.0024608815699815,0.0033729951006409,Germany,DEU,,,,Linux-5.4.0-94-generic-x86_64-with-glibc2.31,3.10.8,2,Intel(R) Xeon(R) Gold 5120 CPU @ 2.20GHz,1,1 x NVIDIA GeForce RTX 2080 Ti,9.491,51.2993,770.0,machine,N
2022-12-19T07:36:36,"module:Softmax,rep_no:2,macs:0,batch_size:428,input_size:1116343,freeText:,forward_passes:36",f3bde53d-46a1-44ee-a719-d99678d96ea9,30.371864318847656,0.0010026055659145,0.0330109984487318,78.49386039256736,29.972,288.75,0.0006664438684324,0.0002523714767966,0.0024121001561482,0.0033309155013773,Germany,DEU,,,,Linux-5.4.0-94-generic-x86_64-with-glibc2.31,3.10.8,2,Intel(R) Xeon(R) Gold 5120 CPU @ 2.20GHz,1,1 x NVIDIA GeForce RTX 2080 Ti,9.491,51.2993,770.0,machine,N
2022-12-19T07:37:15,"module:Softmax,rep_no:3,macs:0,batch_size:428,input_size:1116343,freeText:,forward_passes:19",de6495bf-baea-40e6-9a06-5ca3c80764db,30.9525842666626,0.0010133066892515,0.0327373856903745,75.70658931724239,30.077,288.75,0.0006534487097029,0.0002562673650097,0.0024567513314386,0.0033664674061513,Germany,DEU,,,,Linux-5.4.0-94-generic-x86_64-with-glibc2.31,3.10.8,2,Intel(R) Xeon(R) Gold 5120 CPU @ 2.20GHz,1,1 x NVIDIA GeForce RTX 2080 Ti,9.491,51.2993,770.0,machine,N
2022-12-19T07:37:57,"module:Softmax,rep_no:1,macs:0,batch_size:359,input_size:2645259,freeText:,forward_passes:10",3278e10c-6f5f-4662-9bfb-4e1dabe92514,31.2852623462677,0.0010249564474311,0.0327616382463695,75.71845962006168,29.948000000000004,288.75,0.0006605213489722,0.000258937597082,0.002485711975644,0.0034051709216983,Germany,DEU,,,,Linux-5.4.0-94-generic-x86_64-with-glibc2.31,3.10.8,2,Intel(R) Xeon(R) Gold 5120 CPU @ 2.20GHz,1,1 x NVIDIA GeForce RTX 2080 Ti,9.491,51.2993,770.0,machine,N
2022-12-19T07:38:41,"module:Softmax,rep_no:2,macs:0,batch_size:359,input_size:2645259,freeText:,forward_passes:10",ceac71b4-fd7d-4bc1-a9b1-dcad071d53ea,31.64571976661682,0.0010371163605325,0.0327727214985532,76.11842260918766,30.105,288.75,0.0006695367514623,0.0002621303856501,0.0025139021669824,0.0034455693040949,Germany,DEU,,,,Linux-5.4.0-94-generic-x86_64-with-glibc2.31,3.10.8,2,Intel(R) Xeon(R) Gold 5120 CPU @ 2.20GHz,1,1 x NVIDIA GeForce RTX 2080 Ti,9.491,51.2993,770.0,machine,N
2022-12-19T07:39:25,"module:Softmax,rep_no:3,macs:0,batch_size:359,input_size:2645259,freeText:,forward_passes:10",c46b984e-22b9-438d-9354-84402d3688d2,32.18586587905884,0.0010566328965047,0.0328290964883513,78.68622146907602,30.051,288.75,0.0006839636399482,0.000267752994021,0.0025586916600664,0.0035104082940357,Germany,DEU,,,,Linux-5.4.0-94-generic-x86_64-with-glibc2.31,3.10.8,2,Intel(R) Xeon(R) Gold 5120 CPU @ 2.20GHz,1,1 x NVIDIA GeForce RTX 2080 Ti,9.491,51.2993,770.0,machine,N
2022-12-19T07:40:00,"module:Softmax,rep_no:1,macs:0,batch_size:300,input_size:120627,freeText:,forward_passes:566",028091ec-9c90-48d7-8f7c-5432b8ec644c,30.083086490631104,0.0013563287069074,0.0450860887339405,82.90787619138965,30.238,288.75,0.0006623273084725,0.0002507611206201,0.0035929870091378,0.0045060754382305,Germany,DEU,,,,Linux-5.4.0-94-generic-x86_64-with-glibc2.31,3.10.8,2,Intel(R) Xeon(R) Gold 5120 CPU @ 2.20GHz,1,1 x NVIDIA GeForce RTX 2080 Ti,9.491,51.2993,770.0,machine,N
2022-12-19T07:40:35,"module:Softmax,rep_no:2,macs:0,batch_size:300,input_size:120627,freeText:,forward_passes:566",9a853679-be11-4708-a1d1-38ede9f5d8bc,30.080477237701416,0.0013567049770453,0.0451025083918857,73.32849084931124,30.022,288.75,0.000665130495715,0.00025170271171,0.0035904922977089,0.004507325505134,Germany,DEU,,,,Linux-5.4.0-94-generic-x86_64-with-glibc2.31,3.10.8,2,Intel(R) Xeon(R) Gold 5120 CPU @ 2.20GHz,1,1 x NVIDIA GeForce RTX 2080 Ti,9.491,51.2993,770.0,machine,N
2022-12-19T07:41:09,"module:Softmax,rep_no:3,macs:0,batch_size:300,input_size:120627,freeText:,forward_passes:572",db672a6b-9e06-45ca-bd88-c9b001fb6cc4,30.094826221466064,0.0013566090975368,0.0450778179463025,75.41480623173544,29.991,288.75,0.0006644863726997,0.0002492174809403,0.0035933031149208,0.0045070069685609,Germany,DEU,,,,Linux-5.4.0-94-generic-x86_64-with-glibc2.31,3.10.8,2,Intel(R) Xeon(R) Gold 5120 CPU @ 2.20GHz,1,1 x NVIDIA GeForce RTX 2080 Ti,9.491,51.2993,770.0,machine,N
2022-12-19T07:41:44,"module:Softmax,rep_no:1,macs:0,batch_size:317,input_size:142821,freeText:,forward_passes:438",5b468127-4267-4b52-9626-9a56d245affa,30.0542676448822,0.0013556048906333,0.0451052378534397,79.31001335789776,30.159,288.75,0.00066231584763,0.0002504012032564,0.0035909536821146,0.0045036707330011,Germany,DEU,,,,Linux-5.4.0-94-generic-x86_64-with-glibc2.31,3.10.8,2,Intel(R) Xeon(R) Gold 5120 CPU @ 2.20GHz,1,1 x NVIDIA GeForce RTX 2080 Ti,9.491,51.2993,770.0,machine,N
2022-12-19T07:42:19,"module:Softmax,rep_no:2,macs:0,batch_size:317,input_size:142821,freeText:,forward_passes:436",9dc47815-58ec-467f-81fc-3437e6f37bb7,30.10120248794556,0.0013562604826101,0.0450566877902392,74.4899807276346,30.058,288.75,0.0006621192299727,0.0002516892322056,0.0035920403172572,0.0045058487794356,Germany,DEU,,,,Linux-5.4.0-94-generic-x86_64-with-glibc2.31,3.10.8,2,Intel(R) Xeon(R) Gold 5120 CPU @ 2.20GHz,1,1 x NVIDIA GeForce RTX 2080 Ti,9.491,51.2993,770.0,machine,N
2022-12-19T07:42:54,"module:Softmax,rep_no:3,macs:0,batch_size:317,input_size:142821,freeText:,forward_passes:444",d3dc3c6d-c0ea-4048-aabc-f58b0abb95a8,30.083961009979248,0.0013559176720285,0.0450711151892108,79.26020741287083,30.286,288.75,0.0006614481666581,0.0002521964032094,0.0035910653039813,0.0045047098738488,Germany,DEU,,,,Linux-5.4.0-94-generic-x86_64-with-glibc2.31,3.10.8,2,Intel(R) Xeon(R) Gold 5120 CPU @ 2.20GHz,1,1 x NVIDIA GeForce RTX 2080 Ti,9.491,51.2993,770.0,machine,N
2022-12-19T07:43:30,"module:Softmax,rep_no:1,macs:0,batch_size:174,input_size:1213853,freeText:,forward_passes:80",452e4bb7-dfca-412b-9b24-bbefc4388908,30.286869525909424,0.0010008256064107,0.0330448680262103,77.68531515222408,30.415000000000003,288.75,0.0006643111681151,0.0002547189737318,0.0024059718728065,0.0033250020146535,Germany,DEU,,,,Linux-5.4.0-94-generic-x86_64-with-glibc2.31,3.10.8,2,Intel(R) Xeon(R) Gold 5120 CPU @ 2.20GHz,1,1 x NVIDIA GeForce RTX 2080 Ti,9.491,51.2993,770.0,machine,N
2022-12-19T07:44:06,"module:Softmax,rep_no:2,macs:0,batch_size:174,input_size:1213853,freeText:,forward_passes:80",401c09f3-def4-489f-9906-693251d71539,30.27035427093506,0.0009995361151596,0.033020297886614,76.92753719401426,30.624,288.75,0.0006648969519171,0.00025496835844,0.0024008526802062,0.0033207179905635,Germany,DEU,,,,Linux-5.4.0-94-generic-x86_64-with-glibc2.31,3.10.8,2,Intel(R) Xeon(R) Gold 5120 CPU @ 2.20GHz,1,1 x NVIDIA GeForce RTX 2080 Ti,9.491,51.2993,770.0,machine,N
2022-12-19T07:44:42,"module:Softmax,rep_no:3,macs:0,batch_size:174,input_size:1213853,freeText:,forward_passes:81",76acd7b0-23a3-4772-93f2-8898a7122ddd,30.410988807678223,0.0010048277141269,0.0330415995507933,80.03217834735321,30.242,288.75,0.000669049047461,0.0002542315550193,0.0024150174510975,0.0033382980535779,Germany,DEU,,,,Linux-5.4.0-94-generic-x86_64-with-glibc2.31,3.10.8,2,Intel(R) Xeon(R) Gold 5120 CPU @ 2.20GHz,1,1 x NVIDIA GeForce RTX 2080 Ti,9.491,51.2993,770.0,machine,N
2022-12-19T07:45:17,"module:Softmax,rep_no:1,macs:0,batch_size:41,input_size:456429,freeText:,forward_passes:954",d21aa0f2-dce3-4694-a38f-91e76d3fb5ba,30.07818603515625,0.0013566009993325,0.0451024871562033,79.5438594312469,30.333,288.75,0.0006637244345902,0.0002513775914893,0.003591878038148,0.0045069800642276,Germany,DEU,,,,Linux-5.4.0-94-generic-x86_64-with-glibc2.31,3.10.8,2,Intel(R) Xeon(R) Gold 5120 CPU @ 2.20GHz,1,1 x NVIDIA GeForce RTX 2080 Ti,9.491,51.2993,770.0,machine,N
2022-12-19T07:45:51,"module:Softmax,rep_no:2,macs:0,batch_size:41,input_size:456429,freeText:,forward_passes:951",912f73c0-0bef-4927-9890-cbfc3786a7aa,30.0840322971344,0.0013587435911346,0.0451649425753376,75.76611381374194,29.99,288.75,0.0006638477257999,0.0002519120737698,0.0035983385098477,0.0045140983094175,Germany,DEU,,,,Linux-5.4.0-94-generic-x86_64-with-glibc2.31,3.10.8,2,Intel(R) Xeon(R) Gold 5120 CPU @ 2.20GHz,1,1 x NVIDIA GeForce RTX 2080 Ti,9.491,51.2993,770.0,machine,N
2022-12-19T07:46:26,"module:Softmax,rep_no:3,macs:0,batch_size:41,input_size:456429,freeText:,forward_passes:950",72dd2348-9289-4d4e-ade8-cadcbfb81516,30.065065622329712,0.0013579552517005,0.0451672139605116,79.67762603131814,30.549,288.75,0.0006656112147107,0.0002536683754191,0.0035921996514002,0.0045114792415301,Germany,DEU,,,,Linux-5.4.0-94-generic-x86_64-with-glibc2.31,3.10.8,2,Intel(R) Xeon(R) Gold 5120 CPU @ 2.20GHz,1,1 x NVIDIA GeForce RTX 2080 Ti,9.491,51.2993,770.0,machine,N
2022-12-19T07:47:07,"module:Softmax,rep_no:1,macs:0,batch_size:212,input_size:3178391,freeText:,forward_passes:14",9abc2fcd-f725-4686-8a5d-2e44246f6268,32.089749574661255,0.0010544250356951,0.0328586246284618,76.78717298367897,30.317,288.75,0.0006840174358246,0.0002689620558335,0.0025500937166313,0.0035030732082894,Germany,DEU,,,,Linux-5.4.0-94-generic-x86_64-with-glibc2.31,3.10.8,2,Intel(R) Xeon(R) Gold 5120 CPU @ 2.20GHz,1,1 x NVIDIA GeForce RTX 2080 Ti,9.491,51.2993,770.0,machine,N
2022-12-19T07:47:48,"module:Softmax,rep_no:2,macs:0,batch_size:212,input_size:3178391,freeText:,forward_passes:25",0ef7a50e-d9ed-4e70-a41a-da94b7b41f99,31.06163644790649,0.0010255076956797,0.0330152500947466,78.43911734019316,30.312,288.75,0.0006776051951392,0.0002595468811533,0.0024698502349356,0.0034070023112283,Germany,DEU,,,,Linux-5.4.0-94-generic-x86_64-with-glibc2.31,3.10.8,2,Intel(R) Xeon(R) Gold 5120 CPU @ 2.20GHz,1,1 x NVIDIA GeForce RTX 2080 Ti,9.491,51.2993,770.0,machine,N
2022-12-19T07:48:28,"module:Softmax,rep_no:3,macs:0,batch_size:212,input_size:3178391,freeText:,forward_passes:14",387e7c08-dcad-45a9-ad76-74b7b1fc822a,31.942843198776245,0.0010478871731807,0.0328050689370334,75.77717169939415,30.615,288.75,0.0006757379464232,0.0002681227923067,0.0025374919960896,0.0034813527348196,Germany,DEU,,,,Linux-5.4.0-94-generic-x86_64-with-glibc2.31,3.10.8,2,Intel(R) Xeon(R) Gold 5120 CPU @ 2.20GHz,1,1 x NVIDIA GeForce RTX 2080 Ti,9.491,51.2993,770.0,machine,N
2022-12-19T07:49:05,"module:Softmax,rep_no:1,macs:0,batch_size:252,input_size:1250317,freeText:,forward_passes:54",d7a8cb63-7ca6-4893-a68e-0a0ab5b1e3c7,30.41930651664734,0.001004553674242,0.0330235560660217,78.07124921805874,30.152,288.75,0.0006666404522008,0.0002547756071025,0.002415971562763,0.0033373876220664,Germany,DEU,,,,Linux-5.4.0-94-generic-x86_64-with-glibc2.31,3.10.8,2,Intel(R) Xeon(R) Gold 5120 CPU @ 2.20GHz,1,1 x NVIDIA GeForce RTX 2080 Ti,9.491,51.2993,770.0,machine,N
2022-12-19T07:49:42,"module:Softmax,rep_no:2,macs:0,batch_size:252,input_size:1250317,freeText:,forward_passes:53",9325cf34-7a5f-438a-8964-83a89a6b524e,30.178358793258667,0.0013597558198767,0.0450573150512239,74.09014765527951,30.811,288.75,0.0006616278806907,0.0002564111722583,0.0035994221426546,0.0045174611956037,Germany,DEU,,,,Linux-5.4.0-94-generic-x86_64-with-glibc2.31,3.10.8,2,Intel(R) Xeon(R) Gold 5120 CPU @ 2.20GHz,1,1 x NVIDIA GeForce RTX 2080 Ti,9.491,51.2993,770.0,machine,N
2022-12-19T07:50:19,"module:Softmax,rep_no:3,macs:0,batch_size:252,input_size:1250317,freeText:,forward_passes:29",887febf8-2fdd-42a2-8b1c-fd9506e40ea1,30.89681887626648,0.001014103629839,0.0328222667162051,76.49796353140765,30.365,288.75,0.0006579479083023,0.0002573289165363,0.0024538382244606,0.0033691150492993,Germany,DEU,,,,Linux-5.4.0-94-generic-x86_64-with-glibc2.31,3.10.8,2,Intel(R) Xeon(R) Gold 5120 CPU @ 2.20GHz,1,1 x NVIDIA GeForce RTX 2080 Ti,9.491,51.2993,770.0,machine,N
2022-12-19T07:50:54,"module:Softmax,rep_no:1,macs:0,batch_size:44,input_size:3790520,freeText:,forward_passes:101",33e4841b-4a2d-4d14-b03d-f59ee52a485b,30.10420680046081,0.0013551609238103,0.0450156661755867,76.15433199206797,29.535000000000004,288.75,0.0006599923277156,0.0002494065839856,0.0035927968484659,0.0045021957601673,Germany,DEU,,,,Linux-5.4.0-94-generic-x86_64-with-glibc2.31,3.10.8,2,Intel(R) Xeon(R) Gold 5120 CPU @ 2.20GHz,1,1 x NVIDIA GeForce RTX 2080 Ti,9.491,51.2993,770.0,machine,N
2022-12-19T07:51:30,"module:Softmax,rep_no:2,macs:0,batch_size:44,input_size:3790520,freeText:,forward_passes:101",67ed3fa5-2194-40ce-af7b-47160ba9a0f4,30.19533348083496,0.0009967951328835,0.0330115623169468,75.96759644406575,30.013,288.75,0.000661021209372,0.0002505452655055,0.0024000452622771,0.0033116117371547,Germany,DEU,,,,Linux-5.4.0-94-generic-x86_64-with-glibc2.31,3.10.8,2,Intel(R) Xeon(R) Gold 5120 CPU @ 2.20GHz,1,1 x NVIDIA GeForce RTX 2080 Ti,9.491,51.2993,770.0,machine,N
2022-12-19T07:52:05,"module:Softmax,rep_no:3,macs:0,batch_size:44,input_size:3790520,freeText:,forward_passes:100",ca0bd959-aed9-4679-b652-51b9745d47c3,30.065998792648315,0.0013545478829539,0.0450524824502153,78.93346730065744,29.905,288.75,0.0006581484423516,0.0002513082907656,0.0035907023464639,0.0045001590795813,Germany,DEU,,,,Linux-5.4.0-94-generic-x86_64-with-glibc2.31,3.10.8,2,Intel(R) Xeon(R) Gold 5120 CPU @ 2.20GHz,1,1 x NVIDIA GeForce RTX 2080 Ti,9.491,51.2993,770.0,machine,N
2022-12-19T07:52:56,"module:Softmax,rep_no:1,macs:0,batch_size:405,input_size:4792579,freeText:,forward_passes:5",37cf2fc6-3b51-432b-9959-1d1f76961a6f,31.75785732269287,0.0010410198258141,0.0327799138095584,75.73999338680946,29.302000000000003,288.75,0.0006739614702798,0.0002611919639269,0.0025233841930826,0.0034585376272894,Germany,DEU,,,,Linux-5.4.0-94-generic-x86_64-with-glibc2.31,3.10.8,2,Intel(R) Xeon(R) Gold 5120 CPU @ 2.20GHz,1,1 x NVIDIA GeForce RTX 2080 Ti,9.491,51.2993,770.0,machine,N
2022-12-19T07:53:48,"module:Softmax,rep_no:2,macs:0,batch_size:405,input_size:4792579,freeText:,forward_passes:5",652e5ee9-d42f-4d18-bd1b-e73f0ddab726,31.80932354927063,0.0010434843551087,0.0328043554114701,75.52428722320163,29.78,288.75,0.0006744241839833,0.000263449017961,0.0025288522303104,0.0034667254322548,Germany,DEU,,,,Linux-5.4.0-94-generic-x86_64-with-glibc2.31,3.10.8,2,Intel(R) Xeon(R) Gold 5120 CPU @ 2.20GHz,1,1 x NVIDIA GeForce RTX 2080 Ti,9.491,51.2993,770.0,machine,N
2022-12-19T07:54:39,"module:Softmax,rep_no:3,macs:0,batch_size:405,input_size:4792579,freeText:,forward_passes:5",8fbd32c2-e18b-4b31-95ba-7e2d939c87e4,32.03738307952881,0.0010513453145488,0.0328162044927031,76.13315510131525,30.289000000000005,288.75,0.0006814525393282,0.00026839418066,0.002542994856586,0.0034928415765743,Germany,DEU,,,,Linux-5.4.0-94-generic-x86_64-with-glibc2.31,3.10.8,2,Intel(R) Xeon(R) Gold 5120 CPU @ 2.20GHz,1,1 x NVIDIA GeForce RTX 2080 Ti,9.491,51.2993,770.0,machine,N
2022-12-19T07:55:19,"module:Softmax,rep_no:1,macs:0,batch_size:264,input_size:2167326,freeText:,forward_passes:16",278f80ec-ae7f-4e62-abe0-e568b9262309,31.222092628479004,0.0010244801823764,0.0328126687268237,76.36748688355974,29.847,288.75,0.0006643186278433,0.0002598838104643,0.0024793862074613,0.003403588645769,Germany,DEU,,,,Linux-5.4.0-94-generic-x86_64-with-glibc2.31,3.10.8,2,Intel(R) Xeon(R) Gold 5120 CPU @ 2.20GHz,1,1 x NVIDIA GeForce RTX 2080 Ti,9.491,51.2993,770.0,machine,N
2022-12-19T07:55:59,"module:Softmax,rep_no:2,macs:0,batch_size:264,input_size:2167326,freeText:,forward_passes:29",9e6267e7-818e-4e30-9b8f-4f86ca440657,30.871421813964844,0.001020214340622,0.033047209382514,78.83582095855357,29.953,288.75,0.0006759953957958,0.0002583535763698,0.0024550674418608,0.0033894164140265,Germany,DEU,,,,Linux-5.4.0-94-generic-x86_64-with-glibc2.31,3.10.8,2,Intel(R) Xeon(R) Gold 5120 CPU @ 2.20GHz,1,1 x NVIDIA GeForce RTX 2080 Ti,9.491,51.2993,770.0,machine,N
2022-12-19T07:56:38,"module:Softmax,rep_no:3,macs:0,batch_size:264,input_size:2167326,freeText:,forward_passes:16",01467ba4-de41-4d4a-beb8-809ee9598f91,31.171374559402462,0.001022735022054,0.0328100713077315,76.0268925641617,29.645,288.75,0.0006606415204572,0.0002607967979995,0.0024763524524867,0.0033977907709435,Germany,DEU,,,,Linux-5.4.0-94-generic-x86_64-with-glibc2.31,3.10.8,2,Intel(R) Xeon(R) Gold 5120 CPU @ 2.20GHz,1,1 x NVIDIA GeForce RTX 2080 Ti,9.491,51.2993,770.0,machine,N
2022-12-19T07:57:14,"module:Softmax,rep_no:1,macs:0,batch_size:508,input_size:431920,freeText:,forward_passes:84",bb4a96d0-1667-4f76-a3b4-64befb36a212,30.15162992477417,0.0013586752958619,0.045061421198513,76.03323257439799,29.884,288.75,0.0006658061198666,0.0002504949623205,0.0035975703326364,0.0045138714148237,Germany,DEU,,,,Linux-5.4.0-94-generic-x86_64-with-glibc2.31,3.10.8,2,Intel(R) Xeon(R) Gold 5120 CPU @ 2.20GHz,1,1 x NVIDIA GeForce RTX 2080 Ti,9.491,51.2993,770.0,machine,N
2022-12-19T07:57:50,"module:Softmax,rep_no:2,macs:0,batch_size:508,input_size:431920,freeText:,forward_passes:84",8ec443d6-c734-4617-b6ac-cc406d5578e3,30.408392429351807,0.0010060504632066,0.0330846316701547,77.49811463150516,30.095,288.75,0.0006726779539752,0.0002539802331747,0.0024157021557291,0.0033423603428791,Germany,DEU,,,,Linux-5.4.0-94-generic-x86_64-with-glibc2.31,3.10.8,2,Intel(R) Xeon(R) Gold 5120 CPU @ 2.20GHz,1,1 x NVIDIA GeForce RTX 2080 Ti,9.491,51.2993,770.0,machine,N
2022-12-19T07:58:26,"module:Softmax,rep_no:3,macs:0,batch_size:508,input_size:431920,freeText:,forward_passes:84",911e7227-16de-45f6-b5de-00c73867bb61,30.28772449493408,0.0010010124766021,0.0330501050605363,78.0903919892866,29.771,288.75,0.0006688396464601,0.0002501031769657,0.0024066800224284,0.0033256228458543,Germany,DEU,,,,Linux-5.4.0-94-generic-x86_64-with-glibc2.31,3.10.8,2,Intel(R) Xeon(R) Gold 5120 CPU @ 2.20GHz,1,1 x NVIDIA GeForce RTX 2080 Ti,9.491,51.2993,770.0,machine,N
2022-12-19T07:59:18,"module:Softmax,rep_no:1,macs:0,batch_size:379,input_size:4646089,freeText:,forward_passes:6",62022180-0af3-449f-9561-9170be748205,33.98063397407532,0.0011154102775081,0.0328248813238481,76.4849861014509,30.011,288.75,0.0007216011911693,0.0002819560105107,0.0027021247833967,0.0037056819850768,Germany,DEU,,,,Linux-5.4.0-94-generic-x86_64-with-glibc2.31,3.10.8,2,Intel(R) Xeon(R) Gold 5120 CPU @ 2.20GHz,1,1 x NVIDIA GeForce RTX 2080 Ti,9.491,51.2993,770.0,machine,N
2022-12-19T08:00:11,"module:Softmax,rep_no:2,macs:0,batch_size:379,input_size:4646089,freeText:,forward_passes:6",99b4bf63-940b-4cbb-bab2-d7ab8716179f,35.30288791656494,0.0011607451221264,0.0328796081745434,76.80166864369976,30.297,288.75,0.0007505144767999,0.0002969864616163,0.0028087951483825,0.0038562960867989,Germany,DEU,,,,Linux-5.4.0-94-generic-x86_64-with-glibc2.31,3.10.8,2,Intel(R) Xeon(R) Gold 5120 CPU @ 2.20GHz,1,1 x NVIDIA GeForce RTX 2080 Ti,9.491,51.2993,770.0,machine,N
2022-12-19T08:01:04,"module:Softmax,rep_no:3,macs:0,batch_size:379,input_size:4646089,freeText:,forward_passes:6",91b7bd26-5f85-40eb-af91-c9d1bbe55827,35.21617937088013,0.0011582587851138,0.032889961540565,76.73017507776898,30.061,288.75,0.0007488873674427,0.0002986862880914,0.0028004621754089,0.0038480358309431,Germany,DEU,,,,Linux-5.4.0-94-generic-x86_64-with-glibc2.31,3.10.8,2,Intel(R) Xeon(R) Gold 5120 CPU @ 2.20GHz,1,1 x NVIDIA GeForce RTX 2080 Ti,9.491,51.2993,770.0,machine,N
2022-12-19T08:01:41,"module:Softmax,rep_no:1,macs:0,batch_size:279,input_size:987853,freeText:,forward_passes:62",268a3899-f83e-4241-865b-9f215c88b507,30.426265478134155,0.0010065194558771,0.0330806111121476,78.58643987694143,30.181000000000004,288.75,0.0006700779291174,0.0002560277312705,0.0024178127976755,0.0033439184580635,Germany,DEU,,,,Linux-5.4.0-94-generic-x86_64-with-glibc2.31,3.10.8,2,Intel(R) Xeon(R) Gold 5120 CPU @ 2.20GHz,1,1 x NVIDIA GeForce RTX 2080 Ti,9.491,51.2993,770.0,machine,N
2022-12-19T08:02:18,"module:Softmax,rep_no:2,macs:0,batch_size:279,input_size:987853,freeText:,forward_passes:63",02191cdf-9726-49d9-ad06-569625c4bc13,30.433756828308105,0.0010066650733457,0.0330772529669888,80.81896327250467,30.386,288.75,0.0006723510267692,0.0002564172668312,0.0024156339434285,0.0033444022370291,Germany,DEU,,,,Linux-5.4.0-94-generic-x86_64-with-glibc2.31,3.10.8,2,Intel(R) Xeon(R) Gold 5120 CPU @ 2.20GHz,1,1 x NVIDIA GeForce RTX 2080 Ti,9.491,51.2993,770.0,machine,N
2022-12-19T08:02:54,"module:Softmax,rep_no:3,macs:0,batch_size:279,input_size:987853,freeText:,forward_passes:62",3f156118-361e-4d70-85e6-257ab5226345,30.13198018074036,0.0013587611199699,0.045093655040912,75.22296826385822,30.180000000000003,288.75,0.0006632924761891,0.0002525435153579,0.0035983205532034,0.0045141565447505,Germany,DEU,,,,Linux-5.4.0-94-generic-x86_64-with-glibc2.31,3.10.8,2,Intel(R) Xeon(R) Gold 5120 CPU @ 2.20GHz,1,1 x NVIDIA GeForce RTX 2080 Ti,9.491,51.2993,770.0,machine,N
2022-12-19T08:03:32,"module:Softmax,rep_no:1,macs:0,batch_size:228,input_size:1982675,freeText:,forward_passes:20",b5f01f5b-9df6-4366-bb30-8f8f9d5b8f6b,30.581826210021973,0.0010010894963327,0.0327347846874048,75.28524514575544,30.401,288.75,0.0006483876325985,0.0002569955265302,0.002420495566229,0.0033258787253578,Germany,DEU,,,,Linux-5.4.0-94-generic-x86_64-with-glibc2.31,3.10.8,2,Intel(R) Xeon(R) Gold 5120 CPU @ 2.20GHz,1,1 x NVIDIA GeForce RTX 2080 Ti,9.491,51.2993,770.0,machine,N
2022-12-19T08:04:10,"module:Softmax,rep_no:2,macs:0,batch_size:228,input_size:1982675,freeText:,forward_passes:36",8c14abcd-7bce-4645-a8b4-a815b936903a,30.077136516571045,0.0013570470996416,0.0451188928471957,75.17426925389364,29.979,288.75,0.0006586822447231,0.0002528373035661,0.003596942576766,0.0045084621250553,Germany,DEU,,,,Linux-5.4.0-94-generic-x86_64-with-glibc2.31,3.10.8,2,Intel(R) Xeon(R) Gold 5120 CPU @ 2.20GHz,1,1 x NVIDIA GeForce RTX 2080 Ti,9.491,51.2993,770.0,machine,N
2022-12-19T08:04:48,"module:Softmax,rep_no:3,macs:0,batch_size:228,input_size:1982675,freeText:,forward_passes:20",714fbde7-0e74-4831-8006-20a238a9a0c7,30.783141374588013,0.0010089793322439,0.0327770099862801,76.41376725087865,30.015,288.75,0.0006517755014199,0.0002561007311164,0.0024442145722607,0.0033520908047971,Germany,DEU,,,,Linux-5.4.0-94-generic-x86_64-with-glibc2.31,3.10.8,2,Intel(R) Xeon(R) Gold 5120 CPU @ 2.20GHz,1,1 x NVIDIA GeForce RTX 2080 Ti,9.491,51.2993,770.0,machine,N
2022-12-19T08:05:24,"module:Softmax,rep_no:1,macs:0,batch_size:373,input_size:730862,freeText:,forward_passes:65",bc26583b-add3-4fed-9c31-ed257d04c0a5,30.377390146255493,0.0010035369969485,0.0330356555358067,78.62350746526273,30.22,288.75,0.0006695542989763,0.0002507642253858,0.0024136914322773,0.0033340099566395,Germany,DEU,,,,Linux-5.4.0-94-generic-x86_64-with-glibc2.31,3.10.8,2,Intel(R) Xeon(R) Gold 5120 CPU @ 2.20GHz,1,1 x NVIDIA GeForce RTX 2080 Ti,9.491,51.2993,770.0,machine,N
2022-12-19T08:06:01,"module:Softmax,rep_no:2,macs:0,batch_size:373,input_size:730862,freeText:,forward_passes:65",32eb1e9c-c1a1-426a-a23c-c1e205c0180b,30.48535370826721,0.0010088053442818,0.0330914757931209,78.77070229693018,30.181000000000004,288.75,0.0006714606610569,0.000256678968262,0.0024233731423815,0.0033515127717005,Germany,DEU,,,,Linux-5.4.0-94-generic-x86_64-with-glibc2.31,3.10.8,2,Intel(R) Xeon(R) Gold 5120 CPU @ 2.20GHz,1,1 x NVIDIA GeForce RTX 2080 Ti,9.491,51.2993,770.0,machine,N
2022-12-19T08:06:37,"module:Softmax,rep_no:3,macs:0,batch_size:373,input_size:730862,freeText:,forward_passes:66",e63fc980-56ea-41ab-a5b6-510d02ee9ac9,30.47134518623352,0.0010066779125736,0.0330368714088944,80.47411940292258,29.835,288.75,0.0006715624030828,0.0002533062878488,0.0024195762013395,0.0033444448922712,Germany,DEU,,,,Linux-5.4.0-94-generic-x86_64-with-glibc2.31,3.10.8,2,Intel(R) Xeon(R) Gold 5120 CPU @ 2.20GHz,1,1 x NVIDIA GeForce RTX 2080 Ti,9.491,51.2993,770.0,machine,N
2022-12-19T08:07:13,"module:Softmax,rep_no:1,macs:0,batch_size:131,input_size:1069594,freeText:,forward_passes:123",21a77ddc-af03-47a4-a18a-970e1c68c761,30.236085176467896,0.0009984660551775,0.0330223324001829,76.68359435883065,29.981,288.75,0.000664955359186,0.0002508646742469,0.0024013429405788,0.0033171629740118,Germany,DEU,,,,Linux-5.4.0-94-generic-x86_64-with-glibc2.31,3.10.8,2,Intel(R) Xeon(R) Gold 5120 CPU @ 2.20GHz,1,1 x NVIDIA GeForce RTX 2080 Ti,9.491,51.2993,770.0,machine,N
2022-12-19T08:07:48,"module:Softmax,rep_no:2,macs:0,batch_size:131,input_size:1069594,freeText:,forward_passes:122",35110ddc-47ff-45da-9a4d-f863d2ddf7b4,30.146531581878666,0.0013592678465471,0.04508869761204,73.39253874409329,30.459,288.75,0.0006626343659404,0.0002545482864456,0.0035986573693652,0.0045158400217513,Germany,DEU,,,,Linux-5.4.0-94-generic-x86_64-with-glibc2.31,3.10.8,2,Intel(R) Xeon(R) Gold 5120 CPU @ 2.20GHz,1,1 x NVIDIA GeForce RTX 2080 Ti,9.491,51.2993,770.0,machine,N
2022-12-19T08:08:24,"module:Softmax,rep_no:3,macs:0,batch_size:131,input_size:1069594,freeText:,forward_passes:124",0410378d-08de-40b6-877b-effa4c67f912,30.20677614212036,0.0009972106338757183,0.03301281239626253,75.70831434138825,30.151,288.75,0.000665419802057643,0.00025042056140621503,0.0023971517756581307,0.003312992139121988,Germany,DEU,,,,Linux-5.4.0-94-generic-x86_64-with-glibc2.31,3.10.8,2,Intel(R) Xeon(R) Gold 5120 CPU @ 2.20GHz,1,1 x NVIDIA GeForce RTX 2080 Ti,9.491,51.2993,770.0,machine,N
